BMI Today,Calories Today,Workout Time,BMI After 30 Days
38.2,7623,46,33.7
31.1,7376,47,38.9
40.2,10910,45,39.0
31.5,9713,31,33.9
38.2,14614,60,28.8
37.4,8196,60,21.6
37.2,19310,46,37.2
35.9,19459,30,37.0
39.5,23660,30,37.3
37.0,16036,47,16.8
40.6,11997,33,24.7
17.9,17246,31,13.9
23.0,11808,46,27.2
39.3,12974,33,21.0
22.2,18948,44,33.1
42.0,26100,45,40.5
21.7,7619,60,16.1
35.7,10765,60,13.9
36.3,9508,44,30.5
37.4,10665,31,42.2
33.4,12515,31,14.9
36.1,13045,47,33.7
25.6,11660,46,31.4
35.0,13455,44,37.5
42.0,8405,46,39.2
27.0,8159,44,29.7
20.9,19840,45,24.8
37.3,12833,46,37.7
37.9,12422,45,19.6
42.0,17490,33,37.0
35.0,20884,46,24.9
31.0,11312,47,36.4
29.7,12248,47,25.1
28.3,14228,47,26.9
28.4,14856,31,17.3
38.6,10847,34,41.2
17.9,12925,47,13.9
37.2,13579,46,30.6
40.5,12692,45,42.2
33.8,11207,46,18.9
29.8,9903,47,34.7
13.7,15270,47,20.7
42.0,7842,31,38.4
20.2,13866,57,21.0
40.3,10877,32,34.3
30.0,14714,46,38.6
17.5,12074,33,31.2
20.2,13472,47,29.6
38.5,19938,46,24.7
33.0,14383,46,27.1
23.6,21355,60,34.8
35.1,11602,47,41.0
23.7,8214,44,35.8
33.4,10894,45,37.2
39.6,13062,46,40.0
18.3,10347,45,24.6
28.9,3697,45,19.5
19.5,17949,44,38.3
20.9,14030,46,33.9
42.0,6652,60,31.1
35.2,12283,45,38.3
19.4,12109,60,26.6
28.7,6820,45,42.2
31.2,19717,60,32.2
42.0,19379,32,38.4
35.4,22416,46,39.7
16.0,15167,31,20.2
23.1,26100,60,19.9
37.1,7940,47,40.2
19.5,13023,48,40.4
34.2,19106,60,38.9
19.5,10400,46,21.2
36.9,17427,46,35.2
29.3,10742,60,32.3
30.4,21416,31,21.8
26.9,10460,45,20.1
42.0,19151,60,42.2
42.0,13935,47,42.2
34.8,24409,46,32.0
20.4,11061,46,20.6
33.0,20084,33,33.8
27.1,5268,59,22.4
18.5,11877,31,34.9
26.4,9590,47,40.6
41.2,23331,31,25.0
41.0,24659,46,39.9
21.3,11199,32,20.7
27.0,12181,32,29.8
35.5,15481,48,34.4
42.0,19577,45,38.0
19.3,11728,60,35.0
17.2,12472,60,25.2
24.6,13455,45,16.9
31.0,11389,44,38.8
27.6,9932,44,36.4
41.0,18795,47,39.3
37.2,16638,46,17.7
42.0,10397,60,33.4
22.6,10938,60,26.4
34.2,16377,31,13.9
36.7,8842,60,32.0
18.8,9906,45,15.8
28.3,21510,31,30.9
36.2,3802,46,23.4
39.1,15828,30,41.2
39.2,16880,32,36.9
27.5,22754,33,26.3
16.5,15639,47,20.5
34.2,25703,60,29.7
32.7,11474,30,33.9
17.2,9337,60,21.3
15.8,1700,32,26.7
23.6,23642,33,35.2
40.5,11990,45,27.2
20.0,24970,46,24.1
40.5,22974,47,27.3
38.7,21336,32,37.3
35.3,14024,60,38.1
25.7,13510,60,27.1
22.3,4842,46,33.2
42.0,13088,60,42.2
13.7,11006,45,17.1
24.2,23795,60,35.3
36.8,11671,60,31.1
35.1,14281,45,20.5
42.0,15905,47,41.5
42.0,15056,30,28.8
35.4,9303,44,42.2
31.4,24948,45,21.9
16.7,10919,33,26.4
37.2,19385,60,38.8
32.8,16231,30,36.1
16.9,7063,44,17.8
37.0,17502,30,33.7
29.1,17446,45,22.4
17.1,12749,47,24.9
23.6,2628,58,19.2
38.5,20492,32,17.3
29.9,10016,60,32.5
30.9,8515,30,30.0
41.8,12602,30,37.2
23.2,10836,45,19.5
37.7,20071,46,33.6
19.2,11234,31,17.1
38.8,11366,46,37.0
32.2,21620,47,39.3
20.9,15411,46,19.2
35.5,10281,30,39.9
19.6,9392,47,36.0
21.1,13341,31,35.8
32.8,15662,33,25.8
35.4,8765,46,35.3
27.6,12873,60,30.8
38.5,8397,30,40.7
20.4,14749,45,36.9
31.6,13646,60,40.9
31.0,22978,47,39.0
38.3,15279,46,18.5
42.0,9828,30,37.4
19.0,12433,45,37.2
26.6,1700,45,26.2
19.9,12427,45,17.0
20.0,16808,59,22.4
16.3,12960,60,15.0
32.8,17422,33,32.3
36.5,20180,58,40.3
37.7,21852,46,31.4
38.4,21791,30,26.6
21.6,8127,47,31.5
32.2,19119,30,37.2
40.6,7045,46,27.2
32.8,17069,45,35.2
34.8,8774,44,39.0
42.0,13255,46,39.4
16.6,8065,60,27.2
40.8,12005,31,41.3
30.0,12038,46,21.5
38.4,13151,46,37.3
27.8,11934,46,22.0
18.4,7707,46,20.0
22.5,13437,60,25.6
36.7,12421,30,19.1
42.0,19796,32,34.4
42.0,14434,47,42.2
40.9,11739,60,42.2
38.5,12397,46,39.4
42.0,3490,60,42.2
32.6,20527,32,38.6
30.5,13134,45,29.0
18.2,10206,45,30.9
40.6,15972,32,32.7
28.2,24502,47,28.5
32.2,4547,60,37.8
36.9,9100,30,42.2
30.9,19101,30,18.4
41.4,16629,32,38.3
21.6,10175,45,27.7
26.6,12912,45,39.4
38.4,10214,30,35.4
42.0,21197,60,15.8
32.4,11324,31,29.9
23.5,11177,31,25.3
34.6,15507,60,39.3
27.0,11566,33,33.2
31.2,12400,45,31.2
13.7,10067,60,19.2
31.9,24120,46,29.4
32.9,2513,31,42.2
35.5,4710,31,33.9
38.5,23610,45,39.4
39.2,21148,60,39.3
41.5,15584,60,34.0
20.2,25948,45,39.2
23.4,12771,33,35.5
30.3,11518,45,27.2
31.7,12663,45,38.9
42.0,10877,30,42.1
26.1,12383,45,23.9
29.7,17936,60,42.2
21.2,12481,47,16.5
41.3,14767,30,35.4
16.8,12224,32,29.7
18.6,10732,32,24.5
41.0,13038,31,41.4
32.0,18842,60,24.0
42.0,11961,30,42.1
41.9,12860,44,25.0
16.6,23169,32,34.8
33.8,14132,60,19.3
40.5,13224,46,34.9
37.3,11051,31,28.5
20.0,3312,31,28.9
18.4,2347,45,17.5
40.1,10596,46,35.9
33.1,13451,30,27.0
34.6,9115,46,36.7
13.9,16597,47,22.9
25.9,10308,32,28.8
17.5,13443,59,23.6
36.1,12025,32,42.2
41.0,18598,45,24.4
41.8,9278,45,35.2
26.3,8043,45,16.5
27.0,13492,45,28.1
41.5,18877,44,36.5
42.0,10495,33,36.4
33.5,23654,45,19.3
34.0,11455,45,42.2
33.6,7300,44,20.4
35.1,13871,32,42.2
36.3,9950,47,25.9
37.8,12391,44,39.5
28.7,9611,46,33.7
36.4,11129,46,40.8
30.1,9523,45,26.9
17.5,9135,46,22.8
18.6,15160,30,15.7
30.6,7413,32,16.3
23.2,15053,31,27.8
33.8,12122,30,39.2
35.6,9467,45,13.9
24.5,1714,31,14.8
17.2,10843,46,28.5
34.2,2689,44,33.5
42.0,19789,46,23.2
41.4,16341,31,27.4
36.0,3122,44,29.5
23.0,14121,44,31.8
39.7,5718,44,35.3
23.4,9886,44,20.6
23.6,11050,45,36.2
38.9,10101,34,42.2
21.0,19978,60,27.3
38.7,20592,44,42.2
30.6,13039,59,16.5
34.5,15654,44,33.9
40.9,24961,60,35.2
35.1,6301,45,36.8
33.6,12942,60,39.5
15.0,7643,46,25.7
18.4,13432,47,21.8
31.5,17087,46,36.4
42.0,22975,30,39.7
35.3,21727,32,41.2
42.0,23292,31,36.5
38.0,8590,33,39.3
37.4,7726,30,38.2
36.6,15361,44,29.2
30.9,16760,45,29.8
22.4,17448,45,29.6
36.5,11351,44,21.3
37.5,21262,60,41.2
27.5,8873,45,21.7
14.8,3803,46,41.0
16.5,8896,60,22.9
32.8,1700,45,28.9
34.9,2828,33,23.3
39.1,12170,46,40.5
36.3,21650,47,41.1
40.3,8764,45,30.9
21.5,24371,58,19.2
19.4,1700,44,28.6
23.2,3577,47,13.9
40.7,17068,60,37.4
36.5,10426,46,30.8
30.6,10831,46,39.4
40.4,6367,30,34.3
41.9,10110,31,40.5
25.4,25238,46,14.2
22.6,14765,46,14.4
19.1,12739,45,24.5
18.9,12950,32,19.8
32.4,10831,30,38.2
16.5,15604,60,15.0
31.8,12245,30,39.7
25.6,12830,31,23.6
28.2,19764,31,21.1
17.8,5272,45,19.2
36.0,22478,31,23.1
14.1,11026,46,32.4
23.2,25717,60,24.5
28.4,6189,44,34.0
35.9,20376,47,20.9
20.2,11173,43,33.6
33.9,10246,46,23.3
30.9,14118,33,40.7
34.7,12628,46,40.3
26.0,10553,59,36.5
40.0,10755,47,26.2
37.8,1700,46,32.8
31.4,16722,47,25.5
24.1,12549,32,27.8
34.2,23834,47,37.9
32.5,15907,33,32.8
20.7,23152,47,23.8
40.1,18677,30,18.7
20.7,16941,45,22.3
29.8,17241,60,40.6
31.4,12844,46,34.2
20.2,13955,46,32.2
37.3,9644,60,42.2
19.6,14751,45,29.2
29.8,15127,46,38.7
24.5,11647,30,27.7
32.6,12453,47,30.9
20.3,4605,32,18.0
18.1,12820,45,29.3
41.5,15045,45,40.9
17.4,3581,58,20.8
18.7,18877,46,21.9
42.0,18088,30,41.8
28.6,13755,60,19.1
24.7,16982,46,17.1
21.3,14862,60,23.9
22.4,11994,47,20.8
18.5,26100,30,42.2
38.7,17560,47,36.7
23.4,11239,43,20.0
36.3,13211,31,34.7
21.9,26100,31,18.0
26.2,13631,60,23.1
35.8,11795,46,30.6
34.7,10739,59,35.9
23.0,14544,60,25.4
38.1,18566,46,24.3
31.4,8173,47,19.1
21.6,11837,47,20.4
33.4,6434,47,42.2
36.7,7480,46,37.4
24.2,12498,31,31.1
39.0,8612,47,40.6
37.8,10099,32,42.1
21.6,10261,45,34.1
32.1,15484,34,23.1
38.8,6401,34,34.0
23.1,21432,31,20.8
20.6,16559,60,28.1
35.0,14356,33,27.4
33.3,16527,33,37.5
18.3,13341,46,23.6
40.0,12791,45,37.1
27.8,19997,45,29.8
36.5,17143,31,42.2
35.5,9962,46,20.9
37.3,17787,43,35.4
40.3,4519,58,34.6
17.9,15960,46,24.4
26.5,23284,46,29.7
32.7,23397,48,40.8
27.2,21204,46,18.8
19.7,26100,45,16.3
28.0,10198,45,21.4
41.4,24184,33,34.8
38.7,23255,45,26.5
33.2,14237,45,24.9
22.1,18748,30,33.8
36.1,20178,60,36.9
42.0,26100,30,40.9
14.0,13714,60,22.4
42.0,11974,30,39.6
22.8,5939,45,16.3
29.6,25160,60,30.7
34.5,7544,45,24.1
42.0,11376,44,34.2
37.5,19315,44,39.5
41.3,17050,47,38.5
28.6,7071,44,34.8
18.3,6500,60,17.7
36.6,12173,60,25.5
33.8,1700,30,27.6
39.6,11146,45,40.9
21.7,22372,30,35.9
32.3,11836,32,24.5
42.0,13016,47,42.2
15.0,21448,60,20.1
21.2,23059,60,27.9
35.0,16135,30,38.2
17.8,9974,45,23.1
36.0,22674,60,42.2
42.0,10687,33,40.6
32.9,10070,46,33.0
15.4,16809,46,14.1
36.1,5899,46,25.8
20.6,13352,60,30.2
18.2,15925,46,14.4
32.8,8307,60,39.6
17.6,19044,60,38.8
20.8,19839,60,42.2
35.7,11375,47,33.7
36.3,13738,31,38.1
26.2,7693,45,30.8
42.0,13872,45,23.1
18.2,12269,44,26.9
38.6,9588,45,42.2
34.5,8867,46,33.4
38.5,15613,58,36.2
21.1,17326,60,29.0
39.5,8295,47,32.9
40.3,14178,32,38.1
21.6,12648,32,19.4
36.0,18316,32,38.4
39.1,20142,44,33.5
18.5,13461,30,24.1
40.6,22646,35,31.5
34.9,18078,31,23.0
30.8,8252,47,26.6
13.9,5755,46,22.6
24.2,16720,44,32.1
40.9,5989,46,41.2
21.6,12231,46,20.9
41.4,8301,30,16.7
42.0,11219,30,35.4
35.9,9218,45,25.5
24.0,21867,47,22.5
38.4,12961,45,22.2
38.0,13726,47,21.3
34.0,5982,45,30.8
34.5,1700,46,33.1
37.2,7997,44,25.7
21.6,21632,60,36.6
24.3,14512,45,27.2
38.2,22335,45,31.9
34.4,8664,60,23.5
28.1,14609,34,24.2
34.6,11624,31,23.8
36.3,21759,30,33.1
37.6,19225,45,28.4
32.1,4858,44,19.3
42.0,8284,30,40.4
17.8,12500,45,29.0
19.1,21687,59,29.2
15.4,15253,47,22.5
18.6,9565,46,23.8
42.0,16546,32,20.4
23.7,10783,45,20.4
20.6,16966,59,31.3
26.8,13658,44,16.7
36.5,19743,46,18.2
38.1,8132,59,21.3
27.7,15335,47,23.2
18.0,15485,34,22.8
24.0,13991,46,40.8
15.0,9871,32,17.9
38.6,8144,46,33.8
39.9,22520,30,16.7
42.0,22679,33,39.3
20.9,10554,47,23.9
13.7,10607,44,19.3
28.7,14332,47,32.9
37.1,26100,31,39.8
42.0,10844,60,40.8
31.1,12217,30,34.2
22.6,11862,60,27.0
25.3,17356,33,14.5
38.7,26100,44,36.8
41.6,23288,31,37.4
21.9,26100,46,20.9
18.7,13009,60,13.9
42.0,23119,60,42.2
32.1,13380,30,26.5
38.0,10969,60,40.7
15.9,7833,45,40.1
41.5,16079,30,42.2
37.5,10340,60,23.4
40.1,18075,30,35.4
20.4,12023,45,23.7
19.8,13333,43,21.5
16.4,4274,44,16.9
16.7,8570,46,34.4
19.5,8163,60,36.9
32.2,6333,47,22.4
30.5,10841,45,24.9
42.0,14046,45,16.6
31.4,12277,46,26.5
38.7,10109,32,42.2
20.0,12626,59,20.1
25.7,3015,44,33.6
34.4,11481,46,41.0
32.4,21166,32,16.3
26.6,12946,32,26.6
38.2,16317,31,42.2
34.4,16090,31,33.6
13.7,15212,45,14.3
27.2,13713,46,35.3
19.0,14021,46,27.4
17.4,21827,30,19.0
35.8,9765,45,42.2
41.1,15426,45,32.9
38.0,9250,47,39.1
17.5,12943,47,17.8
35.2,4228,47,42.2
23.3,8552,45,19.7
33.5,15430,32,40.9
34.5,20849,47,35.9
39.1,10611,45,23.8
36.0,12087,43,26.4
39.4,13477,32,33.3
27.8,10480,32,30.1
38.6,15667,31,42.2
33.4,1700,44,37.8
28.3,22958,47,28.8
42.0,14029,59,41.4
18.5,5616,30,38.8
37.6,4875,31,39.1
42.0,23883,46,30.5
38.2,15403,46,21.0
42.0,15058,56,41.3
13.7,18146,47,13.9
27.2,11237,59,22.6
42.0,22383,46,37.6
40.0,15176,34,36.0
35.9,15391,45,38.3
40.1,15280,30,41.5
29.2,20018,45,38.2
17.8,16475,45,20.0
37.8,13997,30,38.3
39.9,13216,31,40.7
34.0,18311,30,40.0
30.0,15082,60,19.6
35.8,9390,44,42.1
33.5,10916,44,37.5
31.7,13176,46,31.3
37.3,23098,44,34.6
31.6,7196,45,23.6
42.0,9073,31,42.2
38.8,13822,30,40.7
22.5,14767,46,35.1
30.0,12327,45,38.3
37.4,21178,45,39.6
20.0,19736,30,42.2
37.5,17030,44,37.4
28.2,25833,48,21.2
23.2,11409,59,18.5
37.2,22613,60,34.6
37.5,12772,31,40.9
34.9,16523,30,29.1
42.0,3282,30,42.2
19.6,14161,46,15.7
39.6,23954,45,34.7
30.7,10602,60,37.1
18.8,14920,46,25.8
34.4,11594,60,35.5
21.7,10951,34,28.0
37.0,6267,58,22.5
23.7,22809,46,20.1
35.7,17915,46,34.3
13.7,13188,45,22.5
22.4,12036,47,35.5
35.5,8616,45,25.0
32.3,24186,44,16.7
23.3,11623,45,35.0
21.9,12776,59,33.8
21.6,13037,46,22.8
33.5,12201,31,25.2
33.9,13752,30,34.6
37.1,12291,60,16.5
35.3,13047,46,24.5
41.4,10676,46,22.6
42.0,10838,31,42.2
26.5,11155,46,31.9
24.7,8538,31,13.9
37.9,20270,60,39.6
42.0,13314,59,35.5
40.5,11904,31,42.2
18.4,8612,60,17.4
40.7,3718,46,22.6
39.5,9721,34,35.8
35.3,25869,60,37.4
42.0,7931,43,37.8
42.0,17065,45,33.8
34.1,14861,31,30.9
22.5,9915,46,28.9
30.5,9719,31,36.7
37.2,13681,46,39.4
23.3,1700,31,32.9
42.0,24790,31,32.4
22.9,21039,32,35.8
25.6,21465,31,38.0
37.3,9680,45,33.6
37.6,14791,60,32.1
37.2,7718,45,27.4
40.0,11878,60,39.5
40.2,10490,45,34.6
29.7,13223,31,36.5
17.0,14149,43,40.7
16.1,3051,47,20.4
33.8,20999,60,35.5
39.0,8667,33,39.5
42.0,9888,46,42.2
36.8,14854,46,42.0
42.0,3147,34,42.0
42.0,1700,43,25.8
21.0,2970,30,20.1
35.4,21623,33,41.4
36.6,18987,46,22.1
13.7,15831,46,13.9
21.7,14457,45,27.8
23.9,24413,48,23.3
14.0,13465,47,20.6
39.1,11858,30,32.1
29.1,15371,60,23.5
40.0,7708,57,36.8
32.3,1700,60,24.3
29.4,16936,31,33.5
29.2,11089,30,35.0
42.0,23361,45,42.2
32.2,7543,46,28.0
42.0,24646,31,38.5
21.6,14643,46,21.0
38.5,4712,46,31.0
34.0,7013,32,42.2
16.4,18340,45,26.4
37.9,11246,46,39.2
32.9,12882,46,41.8
17.9,15559,60,18.5
40.2,15579,47,42.2
37.3,12159,46,36.3
40.2,12948,30,41.0
42.0,25907,46,42.2
37.2,8925,33,39.9
14.0,6875,59,15.9
33.0,20665,46,33.9
33.5,5255,47,28.7
32.8,20440,45,23.0
24.4,23834,60,26.1
20.8,2256,44,27.0
24.0,15922,60,26.6
40.2,14351,46,37.1
31.1,15783,34,26.4
39.8,15619,30,33.7
38.9,23441,31,27.8
35.8,4456,58,19.3
24.5,8029,46,39.0
22.4,24453,44,42.2
13.7,11429,45,21.0
34.2,1700,44,24.1
24.0,15203,32,21.9
33.6,14203,31,22.0
29.8,9684,33,31.7
32.1,12495,32,29.8
30.1,20844,60,26.1
32.8,12300,47,40.7
35.4,12009,33,36.0
28.1,11904,32,31.5
24.7,11304,60,23.0
37.2,22535,47,36.8
33.6,9755,45,29.4
34.9,10765,47,39.3
30.3,21157,45,19.6
39.0,16644,47,21.5
19.7,13482,33,36.6
27.1,11794,31,33.4
21.3,11351,31,19.6
35.2,25508,47,20.8
15.3,10330,46,20.4
31.3,12288,60,18.6
19.9,12632,30,22.1
23.6,8433,45,23.0
19.0,10925,44,21.8
40.7,11315,45,42.2
28.0,16817,32,26.6
27.9,1700,57,42.2
40.4,6370,46,33.9
33.5,4699,60,37.1
42.0,8770,30,38.8
35.9,18335,45,26.7
14.2,14849,45,29.8
40.7,12429,30,26.6
41.0,15349,46,38.2
26.0,16438,45,19.0
20.5,14977,60,42.2
17.7,15782,31,13.9
28.2,17777,45,23.8
32.7,8172,46,15.9
30.3,12113,60,36.8
22.2,12109,45,31.4
23.7,7844,46,31.1
39.4,18149,59,25.2
39.6,7066,32,19.5
20.2,9838,44,23.8
35.0,18852,30,14.5
23.9,7574,59,29.5
36.9,10990,31,31.0
39.9,23377,45,36.8
37.8,1700,31,28.4
32.7,14879,45,41.9
16.6,15106,46,21.8
27.0,1700,45,34.3
37.1,19626,30,40.9
34.8,12997,60,34.9
23.0,9855,45,20.6
39.2,21642,46,33.5
18.5,3066,60,17.9
34.5,11605,31,33.3
33.1,8640,46,39.1
25.5,14255,45,31.5
22.8,9358,46,21.6
33.8,5833,46,37.3
15.4,1785,46,29.8
28.5,23679,60,21.2
31.0,13191,47,22.9
19.4,15020,46,23.4
36.5,10876,33,29.5
23.1,8721,45,21.0
35.3,9080,60,22.3
37.2,9093,46,27.9
21.7,20036,43,38.5
33.0,13030,44,41.6
40.1,11640,44,39.4
27.0,10143,32,30.1
40.8,15519,58,41.2
36.9,26100,30,33.5
34.2,14116,30,42.2
18.5,13741,47,34.6
24.4,11537,45,30.2
28.5,11722,60,25.4
40.8,9422,32,18.1
36.9,8353,46,39.3
41.1,25937,46,29.9
36.7,5952,46,37.9
26.0,16671,60,39.6
38.3,10563,44,37.9
13.7,11861,46,14.2
16.4,15885,46,18.7
17.1,13360,48,26.1
37.1,12599,31,34.8
30.6,23780,32,31.7
37.5,19336,33,28.8
38.4,11234,60,38.6
39.2,5386,47,41.4
34.3,7932,33,24.0
19.4,15362,45,22.4
22.5,8709,58,35.7
42.0,21325,30,32.6
31.7,10036,60,39.6
39.1,11682,31,42.2
34.9,14114,44,39.2
37.2,12324,46,39.6
25.4,6823,31,24.8
33.5,8610,33,27.7
36.5,13439,32,37.0
22.2,10197,45,15.8
40.9,22857,44,42.0
39.5,25425,60,38.8
25.5,12121,44,19.0
29.8,20049,60,38.3
16.4,14982,47,17.8
20.5,16129,60,21.1
35.8,14100,31,31.5
21.8,15335,46,28.8
17.7,26100,32,16.8
29.2,8580,31,26.8
27.0,6561,46,41.0
32.3,21617,30,42.2
19.4,15883,46,21.3
26.6,11266,47,19.2
23.4,12131,47,19.2
19.7,19726,32,34.5
29.7,12533,46,27.7
28.5,9540,43,18.6
21.9,15917,46,31.3
22.7,11960,47,37.6
29.2,17359,32,26.2
31.2,21365,60,40.6
42.0,4357,60,38.3
36.9,21680,60,38.9
22.2,10589,34,32.7
34.4,18157,44,19.7
36.5,10189,45,35.1
29.0,21207,31,26.4
33.7,10142,60,30.1
21.5,4027,46,33.7
31.3,11925,46,30.7
35.3,23767,30,21.5
14.2,9755,44,31.8
38.6,12319,45,20.8
37.9,11174,60,23.6
26.4,13257,30,35.2
40.5,1746,47,29.8
36.3,14207,32,39.6
21.1,15121,47,22.8
24.4,13847,60,28.7
37.4,20285,45,31.6
38.8,21085,33,42.2
38.4,6513,46,32.7
36.9,20202,30,42.2
26.8,9693,31,33.1
36.1,16498,47,35.2
23.9,12119,33,13.9
32.7,10446,60,21.5
14.3,11402,44,42.2
23.5,21508,33,21.8
34.9,18970,33,30.3
36.8,4397,60,27.6
31.0,19845,60,40.1
42.0,11689,48,42.2
31.7,10349,47,30.9
41.0,2280,46,35.1
32.3,19259,45,19.2
31.6,5410,47,38.2
26.0,12591,47,40.0
16.3,1700,45,19.2
29.2,1700,34,36.2
40.4,15133,60,36.9
16.9,15402,46,34.3
40.0,3899,32,36.2
29.8,10925,60,32.7
36.0,4435,31,22.4
41.9,13859,59,36.8
37.7,10865,47,25.9
33.9,14918,30,42.2
39.1,8909,58,32.5
38.6,14948,30,42.2
20.7,9285,32,21.3
17.8,15599,45,18.3
35.7,11781,46,37.4
37.9,13476,45,30.6
25.5,10988,46,23.7
42.0,19281,31,39.7
40.9,15783,46,26.6
31.7,9608,60,38.7
22.6,13651,46,29.9
19.3,7672,44,33.9
13.7,24391,46,26.0
42.0,21716,32,39.1
16.3,20929,46,33.5
42.0,2474,30,37.5
42.0,12020,60,32.6
33.1,1700,32,36.6
37.1,24090,30,42.0
18.6,1758,47,27.0
22.0,13148,47,18.3
34.8,10256,33,34.7
37.6,20326,60,42.2
18.2,15584,60,38.0
36.6,12258,46,41.7
32.6,10754,45,28.3
37.7,9287,30,35.1
19.9,2461,47,16.4
38.9,13159,47,40.9
27.0,13515,31,40.0
18.7,12464,45,23.5
39.7,15839,60,26.8
37.5,26100,45,23.2
37.4,9650,47,36.7
39.5,22785,46,39.0
38.2,12255,60,18.6
29.6,5162,46,31.2
22.3,13237,31,35.5
36.6,15344,45,25.0
15.0,18626,46,36.8
18.4,7489,45,21.4
31.6,17919,30,35.7
29.0,16041,34,31.8
19.6,8714,44,32.0
37.0,22494,30,33.2
33.3,18757,43,20.5
31.5,4591,46,24.7
35.8,11143,31,37.3
22.3,3596,30,22.4
23.4,15338,45,41.3
21.8,1700,45,26.4
38.5,11633,31,42.2
17.1,13712,46,42.2
18.0,24382,31,17.3
19.3,14964,45,26.9
31.5,10581,44,40.0
42.0,7493,30,35.5
38.5,21034,30,38.5
34.6,24808,30,16.1
17.7,10861,46,20.4
42.0,11534,46,41.2
22.6,21102,60,26.4
30.3,1700,60,17.0
22.3,10967,32,22.6
14.5,14140,47,30.3
36.9,22936,46,34.8
32.8,6773,45,33.9
42.0,15092,46,38.3
29.1,12378,31,28.5
39.3,13794,32,30.5
19.3,13942,46,24.0
39.7,8268,33,40.4
20.2,11419,46,20.7
37.5,12078,47,34.5
40.6,19585,34,42.2
42.0,12953,46,42.1
37.8,10204,60,34.4
36.9,20663,44,29.5
39.1,12721,47,32.8
18.8,11841,60,21.4
28.3,10276,44,38.1
21.6,5015,30,36.8
36.3,6255,60,26.7
30.9,7293,44,21.0
13.7,13801,45,33.6
42.0,10946,30,39.7
30.2,2775,60,26.9
28.2,13432,46,16.8
41.9,19182,30,36.5
37.3,13766,43,34.9
42.0,13110,46,41.0
16.9,13481,47,17.2
42.0,14293,46,36.6
23.5,3180,46,26.3
31.4,20375,34,27.5
27.5,9987,45,26.0
32.3,13965,33,20.3
31.3,15836,46,33.7
38.8,10046,30,39.9
42.0,13576,31,42.2
33.5,12751,60,21.6
13.7,9090,47,27.7
32.5,10095,46,21.5
31.7,14433,30,37.4
26.0,9845,30,30.8
19.4,20080,46,30.5
40.6,17326,30,36.6
20.7,11165,60,21.8
15.2,9933,46,23.5
18.6,13386,46,15.0
34.3,11894,46,37.7
35.9,16773,30,37.3
25.6,25839,46,34.4
42.0,2050,60,42.2
42.0,17083,46,31.8
19.9,10240,60,40.1
30.8,22267,45,29.2
29.1,11180,45,34.2
42.0,8894,43,36.3
39.8,18667,45,41.3
18.8,15895,60,34.1
30.5,20281,47,24.1
42.0,14795,45,37.1
16.9,19714,44,13.9
33.0,10776,33,42.2
23.0,13945,45,42.1
24.4,1700,59,29.4
37.0,13369,60,34.9
22.8,15788,46,37.0
15.8,15154,59,18.8
35.1,23385,31,15.0
38.4,21580,45,28.3
19.8,13267,46,24.6
13.7,10633,46,19.5
34.4,23899,45,30.1
18.8,13803,60,15.0
31.9,10741,45,32.5
34.7,18566,46,15.9
22.3,14606,60,24.4
14.6,23552,46,17.6
23.8,10916,45,42.1
17.1,10716,31,22.7
29.5,16102,44,18.0
24.7,5422,30,39.6
33.8,11479,47,37.2
38.0,10836,30,27.6
32.9,8140,60,21.3
34.2,13602,44,21.1
15.0,13473,60,19.6
30.8,8870,47,27.6
34.0,11900,44,23.5
36.4,10693,33,37.4
23.4,15337,30,37.0
39.9,10286,32,39.8
25.6,18549,60,35.2
26.0,11669,46,16.6
23.5,20142,46,34.4
36.3,5614,46,39.9
36.0,10300,45,24.1
19.1,19682,30,23.2
33.0,25714,32,38.1
22.0,19627,58,29.5
39.2,7798,45,37.5
32.4,18870,46,21.0
36.3,20794,31,41.3
37.1,12036,45,36.1
38.1,16184,45,38.3
30.8,16788,45,37.7
32.4,18427,46,32.0
36.0,26100,31,28.7
25.5,8691,32,30.3
42.0,12493,44,34.6
37.4,9592,46,36.7
36.8,13694,32,42.2
23.0,9551,45,21.9
18.4,9271,45,25.3
39.5,15244,34,32.7
36.3,1700,45,33.8
35.1,8880,34,27.1
42.0,10189,58,37.9
29.4,6673,45,40.8
34.7,10945,30,34.9
28.6,15617,31,33.6
23.9,9746,59,17.0
42.0,12818,30,33.9
41.5,16330,47,36.8
32.7,8947,32,40.6
30.2,12930,44,41.8
18.9,10864,59,29.7
31.1,11748,60,29.8
33.0,20999,44,16.9
42.0,11188,46,23.8
32.1,11921,34,37.5
41.5,17358,60,32.5
23.8,5900,45,15.8
38.9,10816,44,37.4
32.7,21337,45,19.1
40.1,8154,58,36.2
17.7,12841,60,18.0
26.6,9217,60,21.4
32.0,23613,58,34.4
39.7,11264,30,34.2
16.9,22345,45,19.2
16.9,15388,47,17.0
14.9,13071,31,18.6
27.2,12290,30,20.2
29.3,5149,30,30.7
30.9,22453,32,27.0
22.2,20706,44,38.3
32.6,10091,45,27.0
32.7,25039,45,20.5
36.4,8355,60,27.1
34.3,18164,30,40.8
29.4,20811,30,20.8
24.9,1700,60,20.9
20.8,11518,46,38.4
40.3,1700,60,21.9
19.9,10014,46,16.7
32.3,8755,45,33.1
25.4,13252,47,42.1
41.0,15424,30,38.8
36.6,4679,31,18.2
19.1,14416,47,27.8
33.2,11706,31,37.3
17.2,19864,31,31.2
13.7,13401,45,30.6
20.9,11082,46,28.6
40.5,13328,60,20.9
40.6,15752,35,42.2
37.9,5542,46,33.3
18.6,13228,46,16.4
37.5,1700,31,37.9
31.4,2027,31,21.8
35.8,13396,47,42.2
31.7,15318,46,29.2
39.5,12478,46,40.0
30.2,20247,31,27.8
34.7,10481,46,37.5
32.4,7123,46,38.2
33.6,9068,60,37.5
40.1,13419,46,31.2
32.4,6598,33,36.2
20.1,21984,45,36.3
25.3,5617,44,19.4
33.1,15871,60,26.9
30.9,13494,45,41.6
37.1,15550,47,42.2
37.6,12027,46,40.0
38.4,10694,31,19.1
34.5,19936,45,38.4
37.2,10861,60,20.9
23.1,14405,30,21.0
37.8,19527,46,22.2
19.6,10438,60,18.1
16.9,4651,45,20.3
41.8,3439,30,17.9
20.9,23514,60,21.9
41.1,20053,60,26.6
28.7,11076,45,26.8
31.5,10777,46,16.6
33.9,25443,44,19.9
36.2,16474,60,32.8
30.4,12852,30,23.0
15.3,15282,46,41.2
26.8,18453,46,35.1
37.6,13532,60,41.0
23.4,13970,46,21.8
20.4,13387,32,15.4
17.3,14897,58,13.9
28.4,7876,60,28.4
37.0,10756,60,30.9
16.9,12159,46,26.3
42.0,23236,45,32.9
21.7,10979,60,30.8
21.6,14509,30,33.2
30.5,11758,46,37.3
33.5,16056,30,38.1
37.3,15146,46,38.9
42.0,17358,31,38.8
42.0,19951,31,40.4
35.6,14784,30,39.3
27.4,6501,31,35.5
20.6,13770,46,19.1
30.1,13991,45,22.7
24.9,14404,59,31.2
31.4,14090,45,42.2
31.0,21690,59,32.0
26.3,17105,44,15.8
31.3,3204,45,31.7
19.9,9814,44,20.6
18.4,13721,47,14.9
42.0,19943,33,42.2
39.8,9780,45,25.5
34.8,20200,46,39.6
40.2,17338,30,41.9
33.1,10416,59,30.2
41.4,9019,46,22.1
26.0,5255,46,24.2
42.0,21342,30,35.5
23.9,19049,46,39.6
21.1,11547,30,19.6
40.7,16201,30,42.2
34.1,18466,32,42.2
31.7,12917,60,36.4
29.4,15022,46,33.0
15.6,8873,46,18.3
36.6,22745,60,33.8
42.0,20074,32,38.1
38.9,20993,44,22.3
32.4,10445,30,20.8
25.7,9363,31,23.6
37.6,16623,32,41.6
19.1,1700,34,20.3
15.9,16942,60,30.8
25.9,12860,32,42.1
42.0,17738,47,36.0
21.8,11905,46,17.9
19.4,15652,46,37.0
20.8,11481,60,25.3
41.0,13469,30,40.6
23.2,21224,30,20.6
40.5,21864,30,39.8
33.8,10900,46,18.8
28.1,10790,47,27.6
23.3,12857,60,31.1
35.6,14698,45,42.2
15.8,2645,30,13.9
13.7,22435,33,34.5
27.4,10918,32,37.2
21.2,14576,45,25.4
15.0,15486,60,25.7
18.4,17175,60,31.1
42.0,8265,44,42.2
38.7,20699,32,40.8
35.6,10908,60,25.0
39.1,6724,32,37.4
15.6,15734,47,30.5
23.5,8151,46,20.8
34.5,11695,60,40.5
36.7,12254,45,39.5
42.0,5961,46,40.7
28.1,6233,47,14.3
15.2,16849,45,23.8
41.3,11974,32,18.2
21.4,10026,46,35.6
14.0,3432,45,24.5
13.7,16034,44,32.7
26.6,9510,30,35.3
40.5,17368,43,31.5
33.8,12939,31,35.7
36.5,11836,30,18.0
35.7,17744,47,26.7
35.2,10213,60,36.5
20.5,8625,47,22.0
42.0,10063,32,38.2
35.8,13938,46,26.3
18.3,13373,30,31.1
37.2,13227,59,42.2
34.2,13569,48,13.9
32.0,10220,47,23.1
28.4,10540,47,30.1
35.2,11316,31,28.8
34.9,11877,45,31.9
41.4,16007,33,39.4
38.3,8651,30,37.4
39.9,3247,31,42.2
16.3,15539,60,30.1
42.0,17449,44,35.2
40.8,23155,30,39.7
26.1,20082,45,34.1
42.0,26100,44,35.1
42.0,12540,45,41.4
37.3,21043,46,34.9
38.2,11464,43,39.6
41.7,3325,48,33.9
30.7,25782,30,23.9
40.0,12414,31,41.3
34.9,11969,47,35.5
28.5,16656,30,21.1
33.2,14681,44,42.2
38.5,21223,31,35.4
34.5,20035,30,40.8
16.5,11311,30,21.6
37.6,10880,44,36.6
39.7,10256,30,36.1
34.0,15397,31,37.4
33.2,9820,47,34.3
31.0,15063,45,22.4
26.2,10832,60,19.1
39.9,12783,59,29.9
40.5,7263,47,27.2
20.7,12585,58,38.8
28.5,26100,47,38.6
33.3,20245,44,30.8
38.5,14559,30,37.3
25.7,17785,45,18.0
20.0,21719,57,14.7
23.8,11970,45,16.8
28.1,21000,43,28.8
33.1,13724,31,22.9
31.0,16975,31,33.6
30.1,10284,46,26.4
21.1,6292,60,22.1
38.7,22667,60,19.6
26.2,9061,45,29.7
18.6,16076,60,23.5
33.1,7095,43,27.8
26.2,10249,32,38.5
22.2,23914,46,23.9
40.8,20256,60,35.7
35.9,15333,46,31.9
26.1,3087,31,34.8
16.5,15373,46,21.6
27.2,16283,47,24.3
33.9,14513,46,31.0
37.1,11339,30,23.9
32.9,9349,59,34.7
32.5,3443,47,35.4
30.7,19902,33,42.2
35.0,17374,31,25.6
38.5,7487,60,27.6
14.6,23478,44,29.4
30.1,14295,32,35.1
23.0,13389,47,20.2
19.1,13481,46,35.4
14.2,8729,59,19.3
26.3,23011,48,18.2
19.1,13051,46,27.4
36.9,13594,33,32.4
41.3,17793,30,40.0
23.6,14405,30,20.3
18.8,25685,46,33.2
23.2,21497,46,28.4
19.3,23527,47,27.3
33.3,18407,45,17.1
29.9,15683,47,33.4
20.4,11855,46,30.9
19.7,15333,60,36.9
34.0,16041,33,42.1
35.4,14350,45,35.1
19.5,23354,60,27.4
31.0,17449,47,31.4
35.0,8910,59,29.5
26.6,9982,30,21.3
26.1,9936,30,29.8
25.7,18395,45,37.6
42.0,2171,31,23.9
15.9,10011,60,31.7
40.0,2922,32,40.8
20.6,19365,31,37.0
22.4,12469,45,19.2
35.9,24751,60,28.6
34.1,9895,46,35.2
29.3,14017,60,28.9
17.7,1700,44,20.0
22.5,14717,46,31.7
23.1,12968,44,17.7
39.2,17002,43,26.6
34.1,14864,60,21.5
21.0,13823,60,21.3
29.6,22219,45,35.3
28.9,22930,60,17.9
22.5,17101,30,23.2
37.7,10885,31,24.6
36.4,11469,31,36.6
40.4,11413,34,27.9
36.9,10249,46,35.9
23.4,10523,45,20.9
36.2,2281,46,23.0
33.5,13027,45,36.4
36.9,15805,31,36.7
33.4,15936,45,36.5
40.4,4283,46,38.1
38.9,25441,60,35.6
38.4,15311,30,36.0
37.1,7633,31,21.0
23.5,14818,47,25.6
16.7,16245,46,41.7
42.0,12867,44,42.2
20.7,19314,46,13.9
30.4,9587,47,19.5
38.8,5859,32,20.8
39.0,21643,45,38.3
21.0,13223,45,14.7
39.3,19520,31,34.0
29.4,22179,47,28.5
14.7,14530,46,15.8
26.7,7917,45,40.4
34.4,7624,33,39.5
35.3,26100,47,29.9
37.2,7774,31,40.8
38.0,13267,46,42.2
33.6,24812,46,23.7
39.1,3567,32,35.9
20.3,18535,45,22.3
33.7,11273,32,40.6
17.9,11228,45,20.1
26.8,15770,45,22.8
36.2,13235,60,35.9
15.9,11002,60,16.4
41.9,3320,31,21.8
14.2,22177,47,16.3
30.8,11315,30,20.7
22.1,11794,30,22.5
36.8,11378,45,32.7
26.5,23331,31,41.5
35.4,21575,46,33.4
28.4,5877,30,27.8
34.7,7996,60,32.8
38.4,8531,44,25.9
36.2,21402,31,41.2
39.6,19925,60,32.7
15.7,5069,60,23.2
24.5,12607,46,18.0
26.7,7769,30,34.9
21.7,3679,46,17.4
41.2,13436,32,33.0
16.9,13599,45,22.4
36.6,12899,33,37.6
32.9,24201,31,20.7
37.6,6063,45,34.6
34.2,18737,45,30.9
34.4,7718,32,40.9
23.8,7466,45,42.2
36.0,11382,46,25.1
24.0,17959,47,23.8
23.5,13696,33,19.3
16.5,11524,45,27.0
42.0,12904,33,30.4
37.7,26100,48,37.8
17.0,10848,46,20.7
23.4,5708,32,23.9
19.7,11741,46,28.8
36.5,7975,44,26.9
40.7,23856,45,40.9
36.2,8835,33,23.0
36.9,10792,30,36.7
42.0,24843,46,21.2
26.3,7455,46,39.8
39.9,1921,47,41.9
37.1,12254,33,22.9
21.2,17247,31,26.7
35.5,10642,58,38.5
17.3,10968,45,19.7
23.6,12436,46,19.5
24.2,3725,48,20.6
40.1,16957,46,18.3
34.3,8877,47,39.7
26.6,6522,33,38.8
28.8,12925,30,34.3
21.9,26027,60,35.2
39.6,13671,45,32.7
37.1,23369,30,38.6
36.4,16899,60,30.0
17.6,20224,30,32.6
36.4,5142,31,40.8
42.0,9782,31,33.9
35.8,12993,32,32.7
20.3,10243,60,28.8
41.7,14586,45,42.2
29.3,13242,46,31.8
35.7,22485,60,25.5
17.0,9815,45,19.4
31.3,9839,30,25.4
32.2,9948,46,16.7
30.3,11246,44,21.8
28.0,14214,31,32.0
28.4,7412,32,19.6
34.6,17076,32,40.9
35.0,17411,60,28.4
30.8,20887,31,25.6
42.0,9241,45,40.9
35.1,17556,43,35.5
42.0,19622,44,40.7
24.5,10972,32,41.5
37.5,2388,45,20.1
42.0,25959,45,37.3
39.5,16582,34,37.6
42.0,21406,45,39.1
33.6,20967,46,20.6
41.9,13312,60,33.2
40.6,20124,60,28.4
26.0,10174,43,27.6
38.1,15010,32,39.9
30.7,21262,45,32.5
26.8,11734,47,15.6
30.5,12916,32,22.1
31.5,16449,45,31.1
41.4,10898,30,34.1
21.7,24896,32,42.1
37.9,1700,46,35.0
42.0,7312,32,21.5
30.2,15572,44,30.0
40.2,20954,33,42.2
19.4,7622,47,20.3
38.5,11426,46,21.3
40.5,8921,45,39.3
22.0,11370,46,19.6
33.4,18859,60,39.7
20.6,4995,31,30.5
39.1,14585,60,35.0
23.9,11660,31,25.5
33.5,18996,47,41.2
42.0,11841,31,38.4
16.3,9780,60,37.7
21.6,8348,47,21.2
32.0,19440,31,26.2
36.8,19302,33,39.2
40.3,18925,45,40.5
35.1,14947,60,27.6
27.3,10285,46,30.6
29.1,9110,47,39.3
27.2,13332,47,37.5
36.2,15111,45,32.7
21.2,12721,60,38.4
31.2,11101,30,33.5
16.5,15936,47,30.8
35.9,20955,45,34.2
42.0,9425,46,35.9
27.9,5732,45,20.8
27.8,7938,34,25.6
19.7,23840,45,18.2
36.8,13603,30,42.2
25.9,1700,59,39.1
37.6,20907,31,40.8
15.0,15960,60,39.3
41.0,23662,46,34.7
35.4,13824,48,33.8
15.0,25796,46,19.9
38.0,18545,32,37.1
39.9,13480,60,39.0
30.1,8266,44,16.6
41.1,23840,44,37.9
34.2,1993,45,39.8
28.7,17510,46,29.7
32.8,12109,46,22.5
20.3,7076,31,25.3
37.9,18888,60,39.1
31.8,10242,59,21.3
42.0,3057,32,21.9
34.8,12852,59,37.4
19.6,8296,45,34.3
42.0,13621,46,42.2
32.6,13631,32,38.3
18.2,4901,59,24.0
42.0,20130,46,41.4
26.6,17151,32,25.6
23.5,13605,30,19.7
33.2,9594,33,42.2
31.6,6625,30,38.3
20.7,13798,45,34.9
30.6,18899,30,26.1
31.4,11593,45,40.6
34.9,24415,47,29.9
37.4,15077,60,25.3
32.0,26100,60,31.3
37.4,14068,33,25.0
28.7,16075,47,20.5
29.1,2986,46,36.2
21.2,12720,45,27.4
30.0,15500,31,26.4
41.1,12868,44,32.3
41.1,10047,47,22.1
23.1,9815,60,42.2
38.2,20971,45,27.0
17.0,9404,34,25.2
36.8,11717,30,37.8
18.1,14372,60,13.9
33.4,7832,45,31.3
22.4,5286,45,21.5
34.5,23668,30,40.3
35.6,10566,47,32.6
37.1,16559,33,38.8
33.2,14913,33,34.5
18.1,1700,58,29.3
42.0,9291,31,37.6
27.9,17537,47,30.0
38.2,12344,34,31.9
17.8,16154,45,29.9
31.8,6186,46,17.9
28.7,16090,46,30.2
21.5,16754,60,30.1
38.7,18044,31,36.9
15.3,2950,46,20.3
42.0,7635,46,35.0
21.8,13609,45,25.2
36.1,4416,31,37.6
23.2,9442,30,30.9
13.7,9299,60,18.2
37.1,14877,32,42.2
17.3,11354,45,16.9
26.1,11932,46,31.6
42.0,7609,59,40.2
15.9,9701,60,24.7
24.7,16943,45,36.2
42.0,17316,45,38.6
39.5,20423,30,34.8
37.9,15592,48,22.3
39.3,12733,34,41.8
22.0,10095,45,25.9
29.2,12160,46,36.1
41.4,12439,44,36.6
42.0,25283,43,37.8
21.5,5856,31,21.4
37.0,12795,60,22.9
30.0,12918,60,30.9
17.8,4093,33,23.0
37.8,10670,60,28.3
20.1,19682,30,19.2
31.1,20010,45,28.8
19.5,6418,46,39.6
41.6,13467,47,26.9
23.0,8195,30,14.0
39.1,12238,46,34.6
32.1,9515,46,25.0
23.4,13356,44,21.5
23.7,3622,47,17.3
21.4,14123,30,27.0
13.7,12697,47,18.7
38.8,15023,45,39.0
25.8,18372,46,14.7
29.5,2035,46,41.2
15.8,1700,46,19.5
40.9,16240,46,41.6
28.4,12084,30,42.0
32.8,7417,48,29.6
24.3,20250,32,17.6
40.0,11666,60,30.5
38.2,3010,46,37.7
15.7,13126,47,27.3
41.1,19040,32,38.2
26.5,18522,46,16.4
36.7,8133,30,40.4
23.8,15084,60,33.0
40.7,18309,46,25.3
42.0,22436,32,42.2
40.9,18716,32,26.3
23.8,14748,30,35.4
28.2,10684,44,34.0
42.0,21147,46,35.5
17.4,3314,46,17.3
40.9,2421,46,25.4
17.0,11019,44,22.9
18.3,20863,46,14.1
42.0,12338,31,41.5
17.4,20520,45,13.9
30.7,9640,31,35.1
13.8,10315,60,35.7
39.5,26100,33,40.5
38.0,19281,30,28.8
39.6,17421,45,20.6
42.0,21738,33,33.7
32.1,10942,45,22.3
34.6,8617,60,29.9
34.6,17749,48,39.6
41.3,8868,59,40.4
39.7,17403,30,42.2
37.2,14323,46,26.9
39.2,3352,44,32.6
28.8,9603,60,26.7
22.3,9421,30,18.1
42.0,14002,44,38.1
27.8,16020,32,18.7
31.2,6529,47,31.0
39.9,12795,47,30.6
25.7,10149,60,37.9
31.7,5155,44,29.1
22.4,11844,30,39.4
33.1,12786,45,30.2
20.1,11169,60,36.0
14.8,3854,47,23.1
36.4,16627,32,42.2
41.9,11368,45,34.8
42.0,25279,60,40.8
31.9,5524,60,30.4
29.5,5760,45,23.4
41.5,11149,43,19.7
23.0,5789,46,40.3
24.0,22615,60,21.6
27.4,14256,46,21.9
38.6,5438,45,21.2
37.3,9896,32,17.2
17.6,11190,30,19.7
16.4,12444,60,20.4
39.7,12127,30,40.3
41.1,18227,60,40.3
24.9,10596,31,26.6
35.9,2423,44,30.3
42.0,15797,30,38.6
29.5,23759,45,36.3
39.0,7970,32,36.3
37.0,8427,60,34.7
37.8,15007,59,21.6
37.8,23926,46,17.0
13.7,12640,43,18.8
25.1,26100,60,18.8
13.7,9964,45,17.9
26.5,21571,32,17.5
33.9,11035,45,24.2
20.7,24599,59,30.3
41.9,18884,60,39.8
41.6,9729,44,31.4
42.0,15364,32,41.5
20.2,12709,46,27.1
29.3,11229,30,20.9
13.7,11099,47,13.9
38.5,3106,30,38.6
24.5,19975,47,16.1
28.7,20242,31,26.6
18.9,16030,59,31.8
35.0,11563,60,38.8
28.3,22903,35,30.7
37.1,15323,47,27.2
34.3,21966,46,32.0
35.3,10599,32,16.8
37.4,9877,31,39.3
41.8,11572,46,39.2
39.8,23042,46,40.4
42.0,14506,46,36.4
31.1,1700,60,30.5
23.0,8982,46,22.4
13.7,13670,31,14.6
21.2,6050,60,31.6
36.3,13237,60,41.2
16.6,11276,30,21.4
37.1,12447,45,41.6
20.5,9261,46,19.4
25.0,10408,44,28.8
24.1,22797,30,27.8
37.8,17382,44,29.9
22.4,8905,47,39.6
33.1,8271,32,25.8
24.5,10505,60,27.1
30.6,1765,45,17.2
42.0,16885,31,21.6
18.2,15271,31,40.4
26.7,8559,46,26.1
41.7,26100,47,35.8
40.7,5443,31,39.6
33.0,6175,44,21.1
40.0,3304,45,38.3
24.8,13717,60,20.9
21.8,15033,60,16.2
15.0,13199,60,21.9
33.2,14675,46,38.6
23.2,14381,34,41.6
34.1,14909,34,14.6
41.9,7626,46,40.8
27.6,18910,45,24.7
25.5,17572,47,21.7
35.1,8252,60,21.5
32.1,19690,46,34.1
36.0,4995,47,31.9
42.0,23622,31,39.1
26.8,12023,33,28.0
37.1,12618,44,19.0
29.9,11766,30,39.0
15.1,11449,45,18.4
42.0,10201,45,40.0
35.7,24123,47,38.4
35.8,5799,32,39.3
32.4,8275,45,34.7
29.6,9352,45,22.2
21.4,21028,30,34.6
31.4,8175,30,26.9
28.0,10533,47,31.7
38.8,11912,31,42.2
38.2,9229,45,23.5
25.7,8050,60,33.6
38.0,23401,44,29.9
41.8,12570,32,38.4
17.8,12241,30,18.9
15.9,12704,46,21.1
40.7,17345,30,36.4
16.8,10652,47,38.3
35.4,15477,30,29.4
23.5,10439,60,35.6
20.3,16888,46,16.8
37.4,12376,30,15.4
31.2,22546,30,32.4
35.2,15325,44,31.4
23.6,13652,32,36.8
28.5,9353,60,39.6
31.9,19991,60,34.2
35.5,13696,30,21.8
36.3,16965,45,42.2
36.0,8341,46,20.0
34.8,11473,60,35.1
27.5,8078,45,33.5
37.1,24781,32,37.0
41.1,10973,45,35.8
29.9,1700,57,27.0
30.3,9352,31,39.1
42.0,25684,46,36.2
22.9,8701,32,20.4
18.5,19394,30,36.1
29.9,10722,30,20.8
33.8,4944,46,17.5
29.5,19916,47,40.2
41.4,10491,46,42.2
35.8,4082,46,25.1
38.7,23575,30,38.6
39.7,23415,31,41.6
25.9,17673,60,18.6
30.9,17258,45,37.4
15.2,7487,57,17.6
39.0,18826,43,24.9
38.6,21183,45,23.6
16.4,8741,32,19.9
42.0,19955,30,31.6
26.3,5595,47,16.8
41.8,22677,34,30.3
32.6,6232,46,39.7
37.7,23474,31,37.6
21.3,8885,45,29.0
34.3,15872,46,40.5
37.7,20544,44,24.5
23.6,8849,30,28.4
35.8,26100,44,32.2
38.7,15225,43,25.4
36.4,5654,45,21.0
33.7,9387,45,28.4
23.3,26100,58,13.9
26.6,17303,45,23.3
25.1,7741,31,18.6
26.1,7719,60,40.6
28.1,11635,45,41.7
19.6,13530,60,21.8
37.0,3756,47,42.2
32.9,4453,46,23.1
41.9,20701,34,33.7
26.4,23503,44,14.6
38.1,12939,46,17.8
42.0,23837,44,36.4
22.4,11269,33,18.2
25.2,9090,32,37.8
26.8,2953,45,17.7
24.4,12043,45,20.6
33.5,24175,45,39.7
32.4,12685,60,20.2
26.8,2668,43,37.7
33.4,13677,46,36.0
42.0,11431,45,41.4
26.6,12685,32,30.7
20.0,14579,31,39.8
31.1,6023,31,35.7
36.7,12191,31,40.6
37.3,17078,47,30.5
32.1,11568,33,39.3
24.9,21646,45,26.2
31.1,10669,60,24.0
19.5,12602,46,36.6
17.5,9438,44,19.9
38.4,17531,60,30.0
34.0,13641,47,40.0
13.7,14268,60,15.5
32.0,2152,60,35.5
37.2,9312,46,30.7
32.3,14283,33,29.9
14.9,3628,60,35.6
21.1,13638,59,19.7
33.9,8849,31,31.5
25.6,15960,46,32.6
30.9,15520,46,24.9
17.7,23771,60,17.8
13.7,9043,45,18.1
13.9,13126,45,34.9
34.2,11984,47,35.3
27.7,16821,46,14.6
32.7,14675,30,42.2
35.2,10186,31,26.8
15.8,5885,60,37.8
37.8,22451,47,25.8
35.7,12895,33,36.4
26.9,26100,33,22.5
34.0,12339,30,42.1
34.7,11545,45,35.2
13.7,7418,60,29.6
22.5,8664,47,23.2
16.2,9039,46,18.4
30.5,11151,46,34.9
36.3,13694,59,21.8
26.9,7163,45,32.5
36.1,12592,31,20.4
15.7,10409,30,18.9
34.3,8270,45,38.4
17.3,4919,47,26.6
17.2,14292,47,19.8
29.8,8358,46,42.2
13.7,19793,45,31.8
38.8,20012,33,38.5
20.3,9143,48,24.2
21.8,14359,30,38.0
21.5,2374,33,40.2
33.5,18724,30,39.0
41.7,20060,44,36.9
37.3,4190,60,35.0
42.0,17509,59,33.5
27.0,9430,32,25.1
42.0,23261,47,29.7
39.2,18432,45,23.5
35.5,11694,31,38.6
18.7,12094,46,35.0
41.6,19394,45,34.1
21.6,2163,32,36.2
26.0,9350,32,34.5
36.4,23737,33,34.5
27.1,24168,30,26.8
35.1,13692,30,41.4
36.7,16759,47,41.6
42.0,12118,46,40.7
37.6,2684,31,23.4
35.3,26100,60,27.2
18.8,9870,45,34.4
35.8,12659,45,39.4
16.7,2137,32,30.2
20.1,11253,60,38.9
21.8,10926,46,30.4
42.0,21741,46,20.5
37.4,12908,60,38.3
37.8,13276,32,38.8
40.6,11236,46,24.8
14.7,20012,60,21.2
22.3,18688,31,41.7
21.6,11926,60,38.9
34.4,24916,33,41.6
34.4,13608,60,42.2
34.1,15482,30,35.5
38.4,11523,31,42.2
35.0,1997,44,36.9
29.6,7859,31,38.9
32.7,23120,44,25.3
40.4,24762,45,42.2
17.5,10530,58,36.8
13.9,13094,46,34.0
21.7,8795,60,26.3
32.5,11018,46,26.4
42.0,14627,60,21.2
13.8,10569,46,20.5
38.0,20546,32,26.6
35.3,7829,45,17.6
31.2,16074,60,19.0
36.1,8945,46,39.3
41.5,18478,47,39.0
36.6,14766,43,42.2
25.7,13637,46,30.2
41.3,22044,59,40.4
15.2,6373,45,21.2
27.2,20725,46,26.2
20.8,7789,47,15.8
37.0,19318,47,13.9
20.9,23566,60,36.0
39.2,15279,30,38.8
37.4,16150,30,39.4
29.4,20496,60,25.5
34.7,23627,46,28.5
34.2,9958,47,19.3
39.4,14989,46,39.9
32.4,21484,45,29.2
38.6,10680,46,36.0
42.0,15401,46,34.6
13.9,18344,45,14.2
42.0,24351,33,23.1
37.1,14767,46,20.7
35.6,23644,45,38.2
23.0,15026,47,22.8
32.1,4275,45,38.6
42.0,4236,32,36.1
39.4,9355,32,33.1
21.8,10277,45,25.4
22.0,9423,43,26.9
19.9,15150,44,21.6
17.0,6022,60,17.5
30.0,23728,46,41.6
24.6,4559,60,42.2
17.0,13420,46,30.2
32.3,14021,32,33.4
15.4,16139,46,16.8
30.0,11151,46,23.9
21.9,16180,34,29.6
19.9,11156,47,28.6
24.7,13489,59,19.3
41.3,16746,47,38.8
16.8,12353,46,25.0
28.5,12441,45,18.8
17.9,11407,58,32.4
34.8,12291,46,26.1
41.0,16737,32,39.7
40.9,22933,31,38.0
24.3,1700,47,16.6
26.9,3890,57,18.1
26.8,6144,45,28.2
40.9,13595,60,23.1
34.6,14697,46,34.1
29.8,2295,43,21.6
37.2,19633,46,16.6
31.3,25381,45,28.1
21.4,4047,48,24.3
39.1,10910,30,25.7
18.5,13394,60,36.8
26.8,10870,33,34.0
34.9,10496,30,24.0
35.1,8978,46,35.9
38.7,3118,60,42.2
31.6,17663,46,28.1
42.0,10214,46,38.1
15.3,15625,60,13.9
17.6,12819,45,40.8
28.3,16912,46,39.1
42.0,6435,60,40.1
24.7,20087,31,30.3
18.2,9735,60,36.4
38.1,9281,45,39.0
39.7,8331,30,36.9
19.7,8086,47,19.7
25.2,23436,47,21.4
13.7,7955,31,21.7
13.7,24854,45,26.2
38.8,17592,43,24.6
23.9,4815,46,25.6
41.8,8104,46,32.3
32.6,13910,46,33.6
28.7,15030,32,40.7
38.5,13767,33,21.6
42.0,12737,60,27.0
37.1,21977,45,38.2
33.2,9179,31,32.8
19.3,19582,45,31.8
20.2,18309,46,22.7
34.2,18517,46,28.0
36.1,4755,60,36.8
35.7,11111,44,24.2
21.1,12501,44,20.5
32.8,15341,60,38.6
37.8,13950,46,42.0
35.2,12357,46,27.3
26.5,13606,46,40.1
40.9,6886,60,34.5
37.2,12250,45,40.6
37.2,24453,44,36.9
32.6,14265,45,23.8
40.0,15758,44,42.2
16.5,17812,30,27.9
33.8,16358,31,17.8
13.9,8932,45,18.1
35.7,15399,33,38.0
21.6,14250,60,22.1
38.8,21114,31,33.9
29.5,16458,60,25.6
15.5,12075,48,24.2
36.8,10171,30,25.4
35.1,20031,47,25.3
34.9,22233,46,27.9
26.9,13208,44,37.5
39.7,16202,31,42.2
34.1,11313,60,30.0
19.0,5609,46,37.8
26.3,15984,45,19.6
34.3,16765,46,40.6
21.7,12443,30,23.8
35.3,11405,45,29.8
39.7,11568,59,30.2
33.8,13753,31,29.6
15.3,12125,30,33.5
19.6,13044,46,17.1
38.1,22160,31,17.0
36.0,15467,30,41.0
40.1,11738,47,37.7
17.5,10747,30,25.7
24.2,13207,32,26.9
23.7,11484,46,41.8
39.3,5889,30,39.2
42.0,21795,30,42.2
41.5,21008,34,42.2
32.5,10012,60,25.7
37.5,12023,34,38.7
13.7,13121,32,27.4
39.6,10336,30,35.9
38.3,19798,45,27.1
22.4,12212,46,36.8
36.1,11801,44,18.5
23.0,7306,60,18.9
35.9,1700,30,38.2
16.9,10108,60,33.2
42.0,17308,30,39.3
41.0,10726,34,38.4
13.7,18855,46,16.3
38.8,13737,46,20.5
38.3,12720,31,39.8
37.9,13176,30,37.5
23.5,17233,43,27.4
17.0,25334,31,23.0
38.6,19843,46,17.9
25.9,6645,32,20.9
42.0,9314,44,31.2
22.1,15264,46,42.2
40.0,10749,47,38.3
35.1,9907,43,33.8
34.3,16121,60,40.2
18.3,9494,46,34.3
34.5,13514,48,40.5
42.0,20152,30,39.8
32.7,9086,46,30.1
18.3,12741,46,17.7
41.8,10754,30,40.4
39.9,9887,60,37.1
35.0,7322,31,38.5
40.4,9169,46,41.7
23.1,15787,30,25.6
37.0,22217,46,22.2
25.7,12896,46,35.2
30.2,7540,60,16.9
24.4,16334,46,16.2
29.1,4100,35,21.5
28.0,13156,45,21.9
37.7,6829,45,20.2
15.3,11196,30,34.0
30.7,5408,45,32.3
22.3,14351,60,29.3
36.2,22001,30,28.5
33.0,6195,31,18.0
18.2,12726,32,33.7
39.8,12557,60,36.5
18.8,13817,45,16.7
42.0,12306,31,23.0
29.4,7674,59,20.9
42.0,9756,46,24.2
20.2,16253,30,30.1
21.5,12114,60,26.9
25.7,11788,47,20.4
42.0,10363,45,36.8
35.0,8553,45,34.8
17.1,16961,43,36.8
34.4,10649,34,36.2
31.8,9770,32,21.6
19.6,12178,45,18.4
19.0,24270,46,32.4
42.0,10898,32,33.9
23.0,11491,34,26.0
37.0,13686,47,20.6
42.0,23026,43,39.1
37.3,7760,45,40.8
40.4,15487,60,42.0
35.0,13423,46,23.5
41.3,8344,59,35.3
13.7,17599,45,24.8
18.5,19286,45,21.6
32.7,12179,60,38.5
39.6,14046,44,33.3
21.5,1700,31,41.0
28.9,3832,31,29.2
17.0,2722,31,22.3
22.8,11673,45,16.8
37.7,11820,31,26.3
16.4,14644,46,13.9
42.0,23270,46,42.2
34.8,2592,60,39.6
15.0,21026,44,20.2
21.2,7704,31,24.3
24.2,12748,34,34.0
40.7,12695,33,37.0
24.5,2101,30,40.6
36.8,12334,30,42.2
17.7,5278,30,36.8
21.0,13724,45,20.3
37.2,8794,32,40.7
40.3,12136,46,35.9
42.0,14411,43,38.4
41.0,18100,32,42.2
39.4,10643,30,42.2
33.0,7487,45,30.7
13.7,12891,46,21.6
29.7,1700,31,33.0
37.6,19511,45,37.4
42.0,12951,60,31.0
23.6,24439,47,31.7
23.3,22602,30,41.2
16.5,13936,47,29.8
35.7,5795,57,33.8
41.4,10777,34,36.2
37.9,13713,60,23.0
37.9,10420,44,28.0
35.8,6220,45,33.2
26.5,22618,46,25.3
23.8,11670,60,20.2
23.6,10899,46,35.4
24.8,25180,46,30.0
17.9,26100,60,24.5
42.0,10188,57,42.2
37.4,13382,30,31.8
30.3,17295,45,25.2
17.5,11234,30,23.5
17.1,15089,44,20.3
22.3,11019,60,27.2
42.0,2584,45,26.3
37.2,23808,46,35.8
15.6,4761,46,21.4
17.9,11426,46,18.9
33.7,18846,30,29.5
37.8,6026,45,36.0
33.4,13443,60,34.5
19.7,10265,45,16.2
24.2,18468,32,30.7
16.0,6574,33,42.1
38.4,14498,46,40.2
37.2,20049,45,24.5
36.5,12876,31,21.7
38.9,12319,46,20.1
27.4,11498,60,38.5
38.6,10226,46,40.7
35.4,4658,45,42.2
40.2,3072,45,28.3
32.5,12388,60,28.6
33.8,4933,48,34.7
37.1,16794,60,24.9
21.0,4543,46,26.4
21.9,5411,30,18.4
42.0,19849,46,37.4
28.1,13896,31,41.7
24.5,10405,30,30.8
21.8,20032,60,33.8
42.0,10242,45,39.4
42.0,15561,31,35.9
33.9,21442,46,39.2
39.6,9156,47,23.2
33.0,17800,46,36.7
27.5,1700,45,16.7
35.1,7320,46,41.3
37.8,26100,45,40.1
38.4,15654,46,28.8
32.3,15508,47,28.1
38.8,13457,30,21.9
37.1,20783,30,37.5
33.4,10132,46,42.2
42.0,21506,45,31.5
27.4,16411,46,24.6
17.6,12127,32,23.0
22.1,20376,44,13.9
37.7,3244,46,33.1
26.2,16821,31,31.1
42.0,11244,34,42.2
17.7,15798,60,32.8
41.3,20653,46,38.6
34.2,4764,44,20.7
14.6,5993,45,17.0
37.5,11750,31,42.2
34.8,10302,32,31.8
42.0,20643,46,42.2
34.6,20632,46,34.0
22.0,17563,45,42.1
37.7,9294,46,42.2
23.5,4418,59,31.9
20.5,15451,33,31.6
35.8,15582,33,32.3
17.7,8266,44,15.5
18.3,17986,60,23.1
26.3,10350,44,35.1
30.8,15479,44,42.2
40.2,12902,46,42.2
37.6,15033,60,26.2
24.2,6812,60,24.3
40.3,21693,46,40.6
26.4,19367,60,38.0
39.1,11211,32,31.5
35.2,8298,30,40.4
21.3,11155,60,18.3
18.3,14729,30,34.1
25.1,10358,60,27.1
42.0,14326,31,34.2
37.1,24627,48,27.4
33.1,20597,46,23.6
41.1,13530,44,36.9
42.0,9334,59,35.3
31.3,15506,44,17.1
41.2,12272,46,42.2
38.4,1956,59,40.2
29.3,11149,45,29.2
38.7,10769,44,38.9
16.6,8635,47,21.8
37.6,11189,30,39.6
32.5,14021,44,23.6
23.2,20193,31,30.0
29.7,9485,30,37.7
22.7,19877,46,26.8
42.0,14964,31,42.2
41.5,19632,47,42.2
24.0,15183,46,31.6
37.6,20151,44,34.5
39.9,26100,30,33.6
31.5,10931,57,37.1
38.2,14524,45,34.8
32.4,14866,46,18.1
42.0,4645,45,38.3
15.3,25236,46,26.0
22.6,24730,35,33.3
40.9,3589,46,29.2
25.6,10690,32,27.9
38.8,8121,47,21.3
35.1,9447,31,23.4
29.2,8284,44,31.3
33.8,2009,47,41.7
39.2,16760,46,42.2
42.0,20920,30,27.9
22.9,13799,45,21.3
38.9,8359,60,41.8
41.2,11856,31,42.2
38.4,13478,46,32.0
16.4,13968,46,24.6
39.8,16495,60,37.0
39.0,8059,31,35.7
23.7,21030,48,17.3
27.3,10603,31,15.8
37.9,15471,32,42.2
36.1,1700,46,25.7
32.9,19047,58,26.6
34.9,19080,44,20.0
33.8,13678,32,39.1
24.6,9963,30,22.7
26.7,21817,30,36.6
22.0,10720,46,27.6
39.1,12613,45,34.7
15.3,9187,33,18.7
20.1,13790,60,41.5
36.2,12943,45,19.8
34.6,10219,60,29.7
28.1,10094,44,25.9
30.5,22588,45,26.8
34.2,6344,47,36.9
32.5,14520,47,42.2
42.0,7088,59,35.8
22.6,10691,33,31.2
42.0,1700,46,18.2
30.3,17061,34,30.9
31.3,9309,33,18.7
20.8,14734,31,25.8
18.2,16627,45,38.4
35.4,24834,33,40.3
40.8,3936,47,34.6
42.0,6071,47,38.2
41.5,24274,46,35.5
21.7,11593,45,31.9
36.5,10420,60,28.4
35.3,24369,44,22.3
29.4,1700,46,30.4
41.4,24549,32,19.9
38.0,17753,60,35.3
42.0,16527,45,34.6
40.1,14124,60,34.7
29.5,20746,33,25.0
37.3,3727,31,22.7
31.9,11275,60,29.6
33.7,14578,60,31.8
34.4,7433,32,24.3
34.6,2260,30,36.3
29.5,3137,30,21.7
23.3,20356,45,30.0
39.5,3756,46,42.2
17.6,13247,44,20.8
17.6,3489,46,32.2
21.6,15021,47,28.3
20.4,10625,58,16.3
33.5,6549,59,29.2
28.0,6044,45,21.5
34.8,9662,46,42.2
33.2,16012,44,20.5
25.4,8894,31,30.7
36.6,13279,44,35.2
29.5,19022,60,17.3
33.5,13753,45,34.4
24.1,5432,32,29.2
28.8,11028,43,22.9
31.7,10895,60,32.2
35.5,3106,47,31.3
27.3,22084,30,40.1
16.0,8212,60,39.3
31.9,9168,46,32.2
19.3,11527,45,21.2
21.4,9236,60,39.7
32.9,20065,30,32.8
34.1,13935,32,40.8
38.1,5239,47,30.5
42.0,11373,45,41.7
15.2,11481,47,16.8
37.5,3860,47,22.4
41.4,23334,44,33.4
16.8,14564,46,21.5
22.3,11588,45,17.0
15.2,12517,45,19.5
31.4,6892,60,22.8
35.8,12356,45,21.9
26.6,8889,59,29.3
40.0,11285,46,38.9
37.5,1700,31,40.8
18.4,11152,33,25.4
21.0,3835,30,37.4
19.0,17356,32,32.6
37.2,8504,60,20.0
42.0,22706,32,42.2
28.8,4650,45,15.4
34.6,8680,60,42.2
37.4,12525,46,41.5
39.5,20787,60,34.7
32.4,13240,60,27.1
14.7,17829,45,23.1
34.7,10819,31,38.6
28.8,19396,44,14.5
27.6,10342,31,32.9
42.0,18446,44,32.1
24.2,12510,32,21.9
41.8,2252,45,33.3
15.3,11164,30,27.1
36.2,7229,44,34.1
38.9,14968,60,34.8
34.5,23926,47,31.4
25.8,3606,48,31.9
41.0,24266,45,25.9
29.9,18680,44,36.3
42.0,13261,60,42.2
15.5,14097,32,16.2
36.9,15929,44,42.2
26.7,9021,30,25.7
20.0,14485,45,15.6
32.4,5587,45,36.1
30.0,18972,60,32.1
30.8,13342,34,25.8
42.0,11560,47,21.7
22.0,22648,45,32.0
38.7,15974,45,33.4
38.5,12655,60,30.9
13.7,11551,46,27.9
16.4,10500,46,27.9
40.2,9687,47,16.8
31.0,9903,60,20.3
41.3,15454,60,40.9
22.9,9172,44,21.6
17.7,11029,32,34.8
39.4,11839,45,28.1
39.6,13294,32,33.8
24.9,10505,32,18.7
21.7,13262,60,41.5
33.4,14291,60,38.0
22.0,18911,30,30.0
24.1,15511,46,19.8
30.8,8305,59,27.6
23.0,16299,45,38.1
41.6,13574,46,39.9
18.6,16687,60,24.0
34.7,11069,33,39.6
32.2,9941,32,23.6
37.4,11280,45,40.3
22.0,6596,47,15.7
39.5,15141,46,39.8
15.2,12681,34,29.7
27.9,15775,46,21.9
27.9,13614,30,33.4
27.2,9595,30,42.1
34.4,13268,32,30.5
20.6,17119,60,33.7
42.0,11075,32,30.9
20.3,21000,46,40.3
24.5,17483,31,32.3
38.5,16671,32,22.6
41.0,16429,45,40.9
23.5,4583,46,32.2
30.3,24600,60,24.5
39.6,15675,60,32.1
16.9,19884,45,40.0
27.2,9166,30,38.8
34.0,22410,30,35.3
15.0,15300,45,24.2
35.1,11653,45,42.2
16.1,10979,43,15.3
36.5,25616,32,24.4
26.2,14047,33,38.5
40.8,23473,45,42.0
22.7,13863,30,20.0
34.3,21905,44,33.1
30.4,10394,44,35.3
17.3,13263,46,23.3
32.3,10016,60,26.9
39.9,14324,60,30.4
27.0,13199,32,20.3
31.6,12337,45,23.7
36.5,7891,30,36.1
23.9,17702,45,18.8
27.6,18269,30,35.4
28.3,3961,47,13.9
34.2,7017,46,22.1
15.1,11842,46,32.8
36.8,21545,60,39.9
42.0,20296,58,31.8
25.3,14346,60,35.8
37.2,16261,45,38.2
14.1,22891,30,37.5
39.9,16824,46,33.7
30.6,13040,30,41.0
23.8,11538,32,21.4
32.7,19860,46,15.3
36.6,14872,59,35.2
41.5,15481,31,42.2
42.0,10125,47,35.5
40.0,18544,32,34.3
17.4,12169,47,30.1
32.8,13744,33,40.2
40.5,10062,45,17.2
26.2,19761,32,42.2
32.2,10677,30,36.3
26.4,10004,45,36.8
22.6,3505,43,28.7
13.7,7686,46,24.5
16.5,1732,44,34.8
34.1,10620,32,40.2
34.1,11505,46,39.4
36.1,1700,30,37.2
19.7,12482,60,13.9
40.5,10258,32,32.4
22.3,18700,32,42.1
33.6,15605,32,37.0
13.7,13388,45,26.2
28.1,16780,31,27.4
34.9,3724,30,41.3
19.3,26100,45,30.1
42.0,19693,47,21.8
42.0,11328,45,42.2
32.6,12002,30,39.8
36.5,12733,31,40.0
21.8,14647,46,22.7
16.9,11260,45,27.6
35.1,20690,47,41.5
40.4,2793,46,42.2
22.7,4956,44,22.7
39.4,20549,45,36.1
35.6,12660,60,21.0
34.7,23113,45,25.0
18.9,10718,30,25.9
32.8,14939,32,37.9
21.0,9972,46,24.7
38.6,7679,33,39.5
23.3,11093,45,30.5
40.9,20446,31,38.8
35.8,15577,45,39.8
34.4,23582,45,19.9
42.0,10882,45,40.2
27.2,16850,45,25.3
38.0,13396,45,17.8
26.6,12357,32,22.0
31.6,20045,46,37.2
27.4,13587,47,28.0
24.6,20258,45,33.1
37.3,14843,45,42.2
39.0,12913,32,37.3
35.7,12240,32,40.6
36.6,12195,45,15.0
36.2,9977,30,42.2
39.3,10667,60,38.1
37.5,13605,32,27.9
23.3,13397,45,27.8
38.5,15100,32,38.5
36.1,20937,44,40.8
39.7,14379,30,37.4
17.0,8123,47,25.4
31.1,14076,59,23.3
36.5,13698,31,32.5
35.0,11994,46,25.6
31.5,23844,33,23.0
37.4,10315,30,23.3
24.6,13663,44,37.5
14.0,9485,47,27.1
30.3,5986,43,40.0
36.0,25818,30,37.4
34.7,26100,59,38.0
37.3,8224,30,39.1
28.6,7958,44,25.5
40.3,13898,60,42.2
20.5,10869,45,27.9
35.6,7626,47,42.2
22.1,1700,46,31.0
22.0,10580,60,13.9
35.9,22249,34,37.7
41.1,7239,45,37.8
39.1,13280,45,39.7
29.4,8320,47,19.4
32.1,13828,45,42.2
15.5,8702,47,19.7
42.0,10952,30,40.2
26.7,9030,47,26.1
36.7,18424,44,39.3
25.7,23575,30,22.1
24.0,15683,34,28.3
33.7,6125,46,32.3
39.4,13896,32,38.6
32.1,15090,30,42.2
34.4,16920,30,37.0
22.7,12121,46,25.6
28.0,9037,44,21.5
19.9,14110,34,37.6
22.3,10912,60,32.1
38.7,4366,30,31.7
31.1,11197,45,37.5
13.7,6068,30,35.9
39.3,8529,44,32.0
42.0,10283,46,39.4
41.5,10022,45,23.8
42.0,13691,44,38.5
32.0,14760,60,30.8
21.7,16713,47,41.5
23.7,10961,45,24.0
29.2,8116,32,39.1
23.5,22864,35,23.8
40.8,18732,60,40.4
14.0,18678,47,15.8
29.3,24128,45,25.3
21.4,13940,45,23.7
18.0,5058,45,22.4
41.1,7826,34,40.9
21.0,22365,46,42.2
42.0,9527,31,37.1
34.6,12878,46,41.1
36.3,9121,46,25.7
32.4,14343,44,18.8
23.3,11636,47,31.3
25.8,3521,60,24.1
21.4,10600,34,41.3
13.7,13641,60,21.2
41.7,13571,30,42.2
38.5,22634,45,34.6
41.0,12952,45,29.3
20.0,8208,45,22.6
34.7,23599,60,32.5
21.6,12625,33,32.6
18.2,7946,45,22.9
40.1,9584,30,30.7
34.6,4559,32,23.3
32.8,12059,46,29.6
34.0,12304,45,39.6
34.0,22530,32,35.3
28.1,9819,31,30.9
18.3,23292,45,20.2
38.4,18539,45,42.2
38.1,11510,30,25.4
36.7,9227,46,42.2
39.7,22506,46,32.7
21.1,8048,30,23.0
40.4,12851,46,40.5
41.1,10278,32,36.5
35.5,4488,47,25.3
35.3,12772,46,25.6
31.6,9189,59,26.0
40.0,10465,30,39.4
19.2,13656,60,35.8
39.0,18522,33,32.9
22.7,16001,45,22.1
41.0,13780,46,36.4
16.6,16967,30,13.9
18.2,7341,60,38.1
32.7,15512,32,33.5
29.4,14126,59,25.1
28.7,13987,45,36.3
26.3,16654,30,27.8
34.0,12968,33,26.4
31.4,14595,32,40.3
33.6,25691,46,35.7
17.9,16702,34,35.1
18.6,11541,45,36.2
25.2,14831,46,23.4
21.3,10059,46,21.3
27.8,20586,33,21.8
40.3,25301,31,36.3
15.4,14628,46,17.0
13.7,10544,44,35.8
35.0,23720,32,39.1
29.7,13453,33,35.7
20.3,11979,45,15.9
29.0,20103,44,41.1
36.8,11580,46,32.4
35.5,19901,60,19.9
34.8,13668,33,36.4
31.0,12307,31,20.4
40.5,15231,46,42.2
23.4,9467,31,21.0
23.5,24787,47,27.6
37.6,19213,60,42.2
23.7,20763,30,42.2
29.8,4663,31,40.0
25.2,11897,60,22.8
42.0,14938,47,36.0
19.1,24915,33,18.2
42.0,13536,30,37.7
29.9,22174,46,26.1
24.7,6936,47,13.9
31.4,9756,47,35.0
24.8,13035,60,38.5
14.9,23038,33,16.7
35.9,18117,60,24.8
39.5,16394,46,42.2
25.5,11649,32,31.1
26.9,15399,46,40.7
23.8,11608,46,40.3
38.5,10408,45,29.8
19.0,12469,46,20.8
26.2,14332,30,34.7
39.0,19697,33,36.0
40.6,13528,45,35.2
20.2,24447,30,24.8
42.0,12409,35,30.6
20.8,19029,45,30.0
23.9,7495,46,29.7
38.6,1700,60,33.9
27.2,7318,45,21.6
39.4,16173,45,13.9
39.1,12982,44,40.2
33.7,12392,48,24.8
35.8,14112,33,19.0
27.3,18894,33,38.9
25.6,13021,47,30.4
39.7,23472,60,38.6
25.2,8437,45,28.6
28.6,7570,47,33.0
32.4,13783,47,33.6
34.1,13844,46,23.9
28.1,11790,31,20.1
36.6,18016,32,42.2
16.5,12759,47,18.5
36.2,12435,45,35.9
23.5,7501,46,31.0
38.9,5946,46,42.0
28.5,2562,47,30.5
22.6,6891,30,25.8
42.0,18621,47,42.2
35.1,11559,45,35.0
39.1,15975,47,37.0
20.6,14134,48,22.1
23.3,4532,30,28.2
19.1,10320,46,27.2
14.3,6522,47,18.2
38.2,4352,30,26.8
37.6,1813,60,40.4
38.9,23247,47,39.7
30.7,13351,47,35.6
33.5,19306,44,27.6
42.0,19913,47,36.0
42.0,19404,46,37.1
31.9,12576,43,37.9
42.0,2121,45,30.9
20.5,19456,32,18.6
33.8,14421,47,35.6
23.4,12960,30,19.1
29.8,6545,60,14.1
16.3,11109,60,37.7
34.5,17023,31,27.9
20.1,16146,58,22.3
26.6,13234,60,42.2
38.2,22793,44,36.8
34.7,5502,46,20.6
24.6,10178,60,26.4
42.0,12169,59,32.8
21.2,19680,31,22.1
21.3,25833,46,35.6
14.9,12400,60,29.2
24.1,1700,45,16.3
20.2,10494,44,32.3
26.7,19876,60,29.4
38.4,23088,32,41.4
20.4,8978,60,18.5
39.4,15885,48,42.2
41.2,18893,47,39.3
24.9,10401,60,19.3
20.6,12077,45,21.5
21.1,12063,46,31.7
26.2,22187,46,31.3
26.2,10781,30,37.5
41.5,14167,46,35.7
36.8,12968,46,29.6
35.6,8412,47,15.9
36.8,16364,44,35.8
25.0,24058,60,22.6
38.1,2872,33,29.8
40.4,11903,44,35.1
39.1,8645,30,23.0
30.4,19429,59,35.0
41.7,22468,45,33.8
18.3,12516,46,21.3
41.1,12497,46,35.3
13.7,6935,45,37.8
21.8,13551,46,16.2
36.5,4147,33,24.2
39.7,14183,46,34.5
19.9,19031,46,30.1
24.1,16667,60,16.5
21.1,2074,46,21.0
20.0,1700,31,33.9
42.0,14968,44,38.3
38.1,17375,44,41.0
38.8,23508,31,18.1
16.3,7894,32,16.3
38.3,26100,34,19.7
34.4,18127,58,38.5
42.0,14454,30,31.5
26.8,15459,60,28.8
35.3,16995,30,40.5
18.2,10777,46,33.1
38.9,8577,30,40.7
24.9,7657,31,23.2
19.0,10272,33,32.9
24.0,5020,31,24.6
35.0,13805,33,35.2
37.5,9372,30,26.1
14.2,9877,60,32.5
33.2,22195,60,36.5
39.5,7380,32,32.4
24.8,14006,30,41.9
42.0,13531,32,32.6
38.6,5792,46,35.8
40.4,9509,60,29.8
37.2,12290,46,41.1
17.0,13767,33,21.1
39.4,20551,30,38.2
16.7,11863,46,21.8
39.9,12948,60,23.5
22.6,12495,45,31.9
42.0,5636,31,28.3
39.0,23255,46,37.3
34.8,7563,30,39.0
23.0,11088,46,32.6
19.6,7441,60,34.5
37.1,14621,46,13.9
35.3,13021,46,38.3
29.4,7508,60,21.8
22.1,14263,47,20.3
19.0,13501,45,13.9
32.0,25042,47,34.8
24.8,12239,47,15.7
35.4,25542,33,30.5
38.2,12584,47,22.0
28.1,1845,32,35.6
22.4,3800,46,40.4
39.8,19704,30,20.9
38.9,6503,46,40.5
31.3,3854,45,40.4
17.0,12738,32,35.6
17.4,8785,60,22.3
35.5,11351,32,42.2
41.9,11888,33,42.2
27.4,13513,60,38.2
24.4,24519,44,41.0
34.9,9040,44,38.0
19.9,9335,60,17.8
36.4,9667,60,32.0
19.5,13200,31,25.1
25.0,17669,31,26.9
35.9,17497,45,26.7
24.3,13597,31,36.5
39.8,7516,46,38.1
26.0,1700,46,22.8
22.6,12791,59,17.6
30.6,6850,44,22.3
38.1,7922,31,36.4
37.2,23106,46,38.9
30.6,10808,45,22.0
19.6,10204,46,22.3
40.4,8511,30,29.3
25.9,13806,45,27.1
33.4,11112,31,32.0
16.9,10833,45,21.8
34.5,17652,34,20.5
25.3,11990,46,35.0
42.0,12913,44,41.2
22.4,12299,45,26.8
38.8,8707,46,35.8
41.0,10188,45,38.3
15.1,8153,31,23.2
23.6,21670,59,20.1
31.4,14106,33,27.2
14.7,7350,46,32.2
36.0,7241,48,29.6
25.3,4509,60,27.4
25.2,21316,60,25.6
41.6,14766,30,25.8
29.5,9425,31,18.0
35.1,12174,45,34.1
33.2,16707,48,28.9
38.9,12642,31,27.4
34.2,7587,30,24.9
39.9,10916,44,38.7
38.7,15618,30,32.4
30.0,13189,59,24.4
38.2,3857,32,29.7
38.1,17883,32,24.1
25.3,12996,46,15.0
33.3,12644,46,27.8
24.0,8547,59,22.6
38.5,9733,59,42.2
41.4,13833,32,37.4
15.2,15731,32,17.4
16.6,14652,46,33.4
21.2,14528,59,15.5
40.5,19637,30,42.2
23.8,10926,46,21.0
30.5,13226,60,27.0
42.0,13427,46,41.0
20.3,14001,46,19.6
21.5,14773,47,21.8
38.2,1700,58,30.1
35.1,26100,59,36.5
33.0,14181,32,18.2
41.3,14130,46,35.8
39.2,11583,46,14.3
36.9,17281,45,32.2
22.1,23426,34,29.5
20.7,7061,46,14.1
19.6,8012,44,39.9
42.0,15683,33,42.2
31.3,18138,47,32.6
42.0,22691,48,31.7
15.6,18117,47,31.1
14.0,18548,30,22.4
19.9,17594,45,41.2
15.2,15231,60,27.2
35.7,20406,33,36.1
33.8,19916,60,24.8
26.6,3945,60,20.5
27.4,16140,46,26.5
17.3,26100,30,21.7
38.0,18966,32,33.8
41.9,5177,47,35.2
14.3,10148,45,33.5
34.9,20059,60,19.5
41.0,23278,47,42.2
34.0,16536,60,35.7
36.4,10465,30,40.1
17.4,12659,47,30.8
31.8,15776,45,19.0
23.1,15087,31,29.6
39.4,12051,60,42.2
19.0,14921,44,15.8
19.8,10539,44,18.1
40.3,12842,45,39.2
35.0,10445,45,26.9
37.0,18408,30,37.2
22.8,4981,43,22.7
22.6,11017,47,17.0
35.4,12753,47,41.9
30.7,12320,46,32.5
32.8,11610,45,38.4
40.4,14367,47,37.8
38.9,9886,30,38.6
41.4,14591,44,33.8
38.3,20189,60,37.8
42.0,19147,32,40.8
41.6,18365,45,41.4
38.5,26100,30,39.0
23.9,9436,46,34.6
16.5,19904,30,22.2
16.0,13685,31,15.9
32.6,8957,60,15.9
37.4,11369,44,36.8
27.4,9619,30,26.1
37.9,17479,46,41.6
39.5,1700,43,36.3
13.7,10310,47,34.5
40.6,15040,48,42.2
37.0,9650,45,26.4
42.0,9660,33,21.3
36.3,21730,60,41.5
29.8,11677,46,39.1
38.6,12587,33,38.5
26.4,20346,44,24.6
22.6,2006,45,17.4
32.6,18780,33,34.7
21.6,15108,46,27.0
35.7,15188,47,26.1
31.9,10774,48,39.0
15.4,10774,60,21.3
31.3,11713,60,19.8
42.0,11294,44,28.0
21.3,25361,48,15.4
41.4,13873,47,36.0
30.8,15295,46,22.8
39.9,3262,45,36.4
20.3,1700,47,25.2
38.6,3256,30,37.5
22.8,11833,47,38.8
33.8,20254,46,36.6
34.5,10796,44,36.8
27.2,10822,45,20.9
18.9,5208,32,19.3
36.9,22727,44,40.2
36.7,13495,44,36.3
15.1,12638,30,35.0
19.6,9459,60,18.0
25.5,14676,30,35.4
33.9,16139,45,38.7
23.6,13632,46,16.6
23.5,18534,46,23.5
32.6,23426,30,22.3
17.4,12308,32,22.6
37.8,13629,46,35.8
37.2,11138,30,35.0
38.8,10402,45,41.9
41.3,13033,46,38.0
37.6,5073,60,36.8
35.0,13771,32,32.7
21.2,23693,47,19.1
42.0,16883,47,41.4
42.0,15257,45,41.1
14.8,14007,30,17.4
35.0,11732,31,34.9
25.8,11893,32,28.0
16.8,8908,45,32.3
34.9,9773,30,39.7
39.5,16044,44,38.5
35.5,10791,30,17.5
13.7,11627,46,23.1
38.3,6478,60,41.1
30.5,21636,45,23.9
18.0,15398,46,22.5
23.2,11652,48,42.2
26.7,20466,60,40.9
32.8,8317,34,42.2
34.7,15373,47,24.5
35.7,23496,45,26.0
38.4,13194,32,34.9
37.4,12719,44,40.1
42.0,12328,30,28.6
27.0,17512,30,28.6
22.5,20794,48,34.7
37.2,9630,45,40.3
20.5,9697,46,24.7
42.0,26100,30,39.3
37.4,5041,34,31.2
31.1,9598,32,40.5
42.0,11375,45,42.2
40.7,18579,33,37.2
39.6,20344,46,35.7
36.6,13833,34,27.8
34.6,19784,47,32.4
22.5,9517,44,35.0
40.4,3436,33,42.2
30.4,10585,33,37.4
34.1,8872,30,38.3
38.6,8850,59,40.3
38.6,6066,32,20.8
25.7,14012,31,39.4
23.4,12611,58,18.9
32.7,1700,30,31.4
40.3,13397,32,41.7
24.1,7751,60,23.1
33.5,11497,46,35.6
42.0,20956,33,40.6
42.0,12374,47,38.5
20.1,13212,33,35.7
30.5,9044,44,16.5
29.2,7200,45,31.6
40.2,8233,45,35.0
23.2,5790,47,25.1
34.6,16247,44,24.3
30.0,18159,46,41.9
25.8,15646,60,26.1
20.1,15800,46,15.1
38.5,7604,30,23.6
37.8,1755,46,41.7
29.5,22014,46,18.8
36.5,9975,47,41.3
37.8,3748,32,17.7
30.1,13798,32,39.7
30.0,11862,46,30.7
36.4,21107,31,39.9
37.7,13637,47,42.2
30.0,12061,46,28.4
35.3,9235,30,36.1
27.5,4191,45,25.2
36.7,13639,31,30.4
21.6,21745,46,17.4
24.1,10647,47,26.0
36.4,7372,46,24.8
37.9,14023,60,21.5
34.4,10872,46,35.0
41.0,22038,47,38.3
27.0,5601,60,26.6
33.2,13649,46,21.2
19.1,12834,32,32.1
19.4,15058,44,20.9
35.4,5420,32,13.9
42.0,22013,48,33.5
22.4,15750,47,26.7
37.3,13048,46,42.2
31.8,10534,30,23.6
32.3,8327,45,26.8
37.6,11656,45,37.6
35.0,8294,32,41.2
41.1,23660,32,30.7
21.3,15031,60,21.6
21.1,15654,45,17.5
42.0,6997,45,32.5
34.1,10978,48,38.2
38.0,14307,31,36.1
42.0,21914,45,34.7
35.1,20352,44,41.1
38.9,19486,46,36.3
21.9,23099,46,29.7
27.2,8863,46,31.5
41.7,14347,30,39.7
42.0,22291,31,38.1
17.3,5055,46,36.8
24.1,17052,31,30.4
42.0,9905,30,40.6
39.7,10353,30,36.9
26.0,15672,44,15.6
22.2,10093,46,33.1
38.6,21638,30,22.9
28.9,9724,32,33.4
36.1,20342,46,40.0
42.0,25608,31,39.9
31.5,24827,44,26.3
13.7,16236,30,18.1
18.9,6539,44,39.4
18.9,14086,31,20.2
40.1,13222,47,42.2
21.6,14690,60,30.0
38.5,6512,30,35.5
40.0,3628,46,23.8
36.8,12284,45,25.5
22.6,10839,47,26.0
17.6,12901,30,15.8
25.6,15059,46,13.9
38.1,17031,45,42.2
40.3,11949,32,42.2
13.9,20613,60,42.2
36.0,22027,46,36.8
33.5,3278,32,19.3
31.1,21824,45,16.2
40.3,10934,43,36.8
39.5,14717,45,35.6
19.1,6389,46,31.6
35.0,6268,46,42.2
35.6,5047,45,40.2
21.6,11181,32,39.4
13.7,13280,31,36.2
19.9,7795,45,36.3
17.3,17244,47,16.1
26.9,19773,30,28.3
18.4,16978,31,19.0
42.0,16830,30,42.2
36.0,19660,47,41.7
15.7,14090,46,35.8
30.2,10309,46,34.4
42.0,12807,30,40.8
14.7,13489,46,25.1
42.0,24507,31,40.1
32.0,13107,60,38.5
17.1,2809,30,18.7
24.5,8853,46,30.3
19.5,4857,46,22.5
41.0,21434,45,28.6
28.9,9680,30,32.5
36.5,2932,32,16.1
31.7,14244,46,19.9
22.3,5016,31,27.2
37.0,10450,30,40.9
37.4,14972,32,42.2
15.6,9110,46,38.3
31.1,2967,44,30.4
20.7,10617,33,38.1
29.2,11495,45,31.6
42.0,16121,32,40.6
38.5,6193,59,41.5
35.4,13344,46,31.9
16.4,9559,45,31.8
42.0,1700,31,25.9
16.8,9292,58,18.3
27.3,13415,48,33.2
29.8,12285,31,32.5
37.1,9594,47,26.6
17.0,14120,31,18.7
42.0,14969,30,36.9
27.6,9005,30,27.7
34.9,10263,46,42.2
28.2,17893,32,22.2
36.7,7309,43,28.3
32.6,9831,30,33.7
35.1,9313,30,39.4
37.0,10004,46,39.2
33.2,9860,44,22.3
41.0,14847,44,26.5
39.7,9652,44,31.0
28.5,13223,46,16.9
34.8,12413,60,42.2
33.7,14284,44,37.1
32.8,9809,30,35.6
20.4,14181,47,35.5
37.3,16125,30,42.2
32.9,13781,31,36.2
30.9,13455,60,25.8
19.7,12410,60,14.4
30.8,17854,43,24.0
40.0,23235,44,34.3
14.6,9452,60,21.1
39.1,16420,36,19.4
34.6,10125,31,36.9
21.7,2815,30,34.0
26.1,11446,46,22.9
21.0,21514,32,22.3
38.0,11590,30,39.5
16.6,8169,60,22.7
22.4,18347,44,19.0
16.0,9611,60,15.7
29.8,21825,32,29.8
18.1,4365,45,32.8
31.5,5862,45,32.8
20.8,12159,46,21.9
13.9,19669,60,29.9
35.8,24827,30,35.0
33.8,21826,45,35.5
39.5,14515,47,32.6
23.0,9245,46,14.8
27.2,9311,45,27.7
39.3,19191,46,42.2
37.9,17122,32,37.7
18.5,15135,46,33.5
42.0,20804,34,40.9
23.9,14285,47,42.2
38.3,26100,31,36.1
38.3,13618,45,38.6
36.2,10457,30,42.2
30.5,22926,30,33.4
37.0,4255,45,26.3
28.6,7598,60,32.2
13.7,10209,47,25.8
20.9,12528,45,41.9
41.5,16007,60,35.5
37.9,9406,60,42.2
39.3,9497,45,40.6
37.3,15315,60,18.7
42.0,11617,46,41.2
41.9,10806,56,38.0
20.3,9224,60,27.2
42.0,13135,46,40.7
35.5,23124,44,17.9
33.5,16597,32,39.8
32.8,20655,46,38.8
35.9,17206,44,29.1
29.7,24104,46,17.5
40.2,13564,32,38.3
27.6,13432,59,29.8
15.2,12058,43,37.0
24.7,2658,46,24.7
34.2,14194,34,30.2
37.3,10747,46,30.8
27.3,16107,31,39.0
39.2,26100,33,38.9
33.2,11267,46,42.2
31.7,18685,45,18.0
39.0,12089,47,39.0
24.3,16868,47,19.3
41.7,14433,60,33.0
36.9,3557,30,36.6
18.2,4593,45,25.3
21.0,21221,30,33.3
34.0,12899,30,36.5
39.4,10738,47,33.7
16.3,9505,47,15.4
30.1,22481,60,38.0
42.0,10639,31,37.0
31.7,13147,60,37.9
33.0,7928,31,32.5
15.6,14699,58,33.2
42.0,22717,46,35.1
30.3,4322,47,20.2
38.2,15119,30,33.0
27.2,14219,46,31.5
26.0,15326,45,29.1
27.9,9876,46,38.1
21.2,25396,44,42.2
36.0,10548,46,42.2
26.4,11266,60,42.2
27.0,22134,47,25.2
18.3,7630,31,35.7
31.3,14703,45,18.4
35.0,13785,60,35.0
38.3,11960,30,39.8
29.3,11033,30,38.8
27.8,3147,31,35.5
23.9,11995,31,25.7
22.3,9761,45,28.8
19.3,10394,60,19.7
42.0,26100,60,32.8
13.7,8045,33,23.4
37.5,5346,32,22.7
36.7,21330,60,42.2
42.0,20310,30,42.1
25.4,12965,60,30.3
22.1,14016,30,24.7
29.3,17880,33,26.8
30.1,11094,31,33.5
37.3,13057,60,23.8
39.8,13421,47,42.2
26.3,12470,31,13.9
42.0,23118,31,40.7
19.4,7147,30,34.2
22.5,4688,60,22.0
25.2,13998,60,25.9
34.7,5708,47,36.1
33.9,13625,46,16.3
37.7,18838,30,37.5
22.4,20807,31,13.9
32.5,12965,44,19.8
33.6,22442,44,37.8
41.7,24812,30,39.9
34.5,3377,45,22.6
35.9,9584,30,29.4
19.5,9157,30,38.8
33.5,8854,30,33.5
39.0,7004,31,21.1
38.2,8391,31,42.2
42.0,12405,30,36.8
17.5,13863,46,39.0
32.8,20160,45,39.6
36.0,18963,30,36.7
29.5,14118,31,29.7
29.8,15097,44,32.6
30.9,3161,30,34.4
28.3,3473,44,19.3
23.6,4372,46,33.0
19.7,8307,45,31.9
36.5,13160,45,15.6
34.3,25713,60,38.8
21.1,7535,31,29.7
34.5,10950,46,26.7
32.9,10511,43,24.6
20.6,12306,45,28.3
15.9,10674,44,24.2
20.4,25505,30,20.2
33.2,13512,60,24.2
34.1,10276,47,36.1
37.9,4259,44,23.2
19.9,11744,60,26.1
25.2,14499,31,30.6
31.7,11542,45,14.7
38.1,14668,60,25.4
16.5,20348,60,18.7
25.2,26100,31,36.6
33.8,18922,32,17.1
13.7,6884,60,13.9
40.4,16546,60,38.3
31.4,21168,30,26.6
26.0,8512,60,17.7
23.1,7072,46,19.9
37.7,10614,60,17.8
29.9,17197,30,30.6
42.0,20244,46,27.4
33.6,6546,46,41.5
35.2,3006,46,24.1
29.0,9940,45,40.1
30.3,13090,45,22.6
40.3,23476,46,37.7
29.5,12372,48,17.5
34.4,12444,30,33.0
17.0,5316,46,27.0
23.5,5358,33,40.2
37.6,14376,60,36.9
41.7,5134,47,25.4
34.7,9932,30,29.5
38.4,8080,44,40.3
14.0,24047,30,20.5
32.5,14575,59,20.1
16.4,4266,46,20.4
28.9,7601,46,35.3
17.6,8900,45,17.5
37.2,4659,48,40.6
19.5,11791,30,38.5
29.3,20024,33,38.9
16.2,21896,47,30.8
34.9,13456,45,40.1
19.5,9619,33,36.8
22.3,16473,60,29.1
30.5,6664,44,38.4
34.7,16979,33,26.7
42.0,2455,47,28.3
19.6,26100,30,21.0
35.5,9785,46,35.1
33.8,12657,46,32.2
40.0,3561,45,35.9
36.3,4463,32,20.5
19.4,12649,46,27.5
22.3,12458,45,20.1
42.0,26100,47,21.8
25.7,9520,45,37.2
18.7,6148,60,19.5
33.6,14122,47,35.4
27.9,11359,60,42.2
32.4,7603,60,24.9
17.3,12278,60,35.9
39.7,9653,33,35.8
22.4,2897,60,17.5
26.8,23184,44,33.3
33.1,16628,46,32.8
16.9,11992,31,38.9
39.3,17188,45,35.4
32.2,13045,60,26.8
42.0,9748,60,32.3
22.7,8030,47,41.0
16.8,10029,47,27.4
16.4,17452,45,17.3
15.4,22058,46,19.7
37.7,17364,30,39.0
42.0,17930,45,28.8
18.3,14647,47,24.8
36.3,3134,31,35.0
41.8,23443,32,37.1
33.2,17829,45,42.2
33.6,6010,30,35.5
17.0,9618,45,29.1
17.5,23704,31,26.5
25.8,15487,46,17.0
28.2,17037,45,18.2
31.4,15565,34,42.2
13.7,16011,60,38.4
23.0,14160,60,30.3
29.3,15361,31,37.4
35.0,22988,33,15.6
31.0,21360,44,16.3
14.5,4481,33,20.0
31.9,15996,30,23.6
23.1,5364,60,18.3
26.7,22811,45,17.9
37.8,8782,45,19.6
36.0,6627,45,21.0
31.8,10678,60,17.8
34.4,14372,48,24.3
38.2,15362,30,36.7
20.1,14114,60,32.0
42.0,20097,32,39.6
38.9,8793,45,35.7
28.9,12063,46,24.4
18.7,23810,45,25.9
34.2,16590,32,22.7
15.4,12190,30,18.6
31.6,5922,32,25.9
35.9,9734,30,42.2
19.6,22609,44,29.3
19.3,7952,30,26.1
39.5,13008,32,39.4
32.2,13671,60,42.2
16.6,8798,59,26.7
24.6,13984,46,32.0
29.0,20347,58,28.2
14.5,11273,33,28.9
35.2,1700,45,34.6
32.0,10785,44,32.7
38.1,9816,45,36.7
17.8,9461,44,26.0
22.5,15255,60,40.3
42.0,15367,46,40.7
26.8,2288,45,17.8
30.5,14314,31,34.8
28.9,1700,30,33.1
19.8,22959,47,20.5
35.7,19914,45,31.1
36.2,12011,30,28.3
36.6,10896,47,35.5
25.6,5898,58,36.5
21.1,10848,32,38.0
41.8,22682,46,42.2
25.4,11075,46,31.9
32.5,4643,46,41.5
19.2,16817,47,23.3
39.8,2031,46,36.2
36.4,10849,60,27.6
40.9,9781,30,42.2
26.6,24337,60,35.6
36.6,23412,31,39.1
13.7,8570,30,34.0
26.9,13305,33,35.3
36.2,9592,31,40.8
30.8,13407,47,31.1
40.3,7462,46,20.1
29.5,20744,45,17.7
41.2,8749,30,37.3
24.1,11866,46,38.4
24.1,11828,46,32.8
22.0,20496,46,33.0
22.9,7095,45,17.6
32.3,8232,46,36.7
41.1,15427,47,39.8
37.0,10534,30,42.2
21.4,9830,44,38.6
21.3,5427,60,26.8
26.6,13438,32,21.9
42.0,18729,31,36.5
32.6,13194,46,22.3
40.5,15210,45,24.0
36.8,8933,33,37.2
32.9,12939,33,18.6
39.8,10637,46,31.3
29.9,8443,32,33.3
22.1,10025,31,20.4
19.6,5095,46,38.2
26.7,11843,60,25.1
19.4,13818,45,33.9
40.6,5385,47,37.7
27.0,14372,34,19.6
40.2,12294,45,21.5
36.3,12442,46,17.7
19.1,10869,34,24.6
42.0,18347,46,39.5
40.9,23542,30,38.7
40.3,10076,30,36.5
37.7,11066,45,40.4
35.0,26100,30,38.8
42.0,10801,31,35.7
34.8,17189,32,35.2
37.5,15993,44,39.8
39.1,11328,47,37.8
42.0,14442,47,42.2
38.3,17941,31,28.1
33.8,6678,46,13.9
36.4,22490,30,17.9
24.7,12214,60,37.3
24.0,6099,33,38.3
25.1,8941,45,30.0
17.0,14902,30,21.5
35.0,15824,60,37.9
39.8,8058,46,26.3
13.7,10549,30,31.1
21.1,22107,32,33.1
17.8,10834,32,17.4
42.0,6464,30,23.9
41.0,26100,45,18.3
40.4,13845,44,41.1
24.6,1700,59,17.2
23.0,7270,33,34.7
31.5,16187,32,30.1
27.4,13932,46,39.8
42.0,19227,46,33.0
40.7,7350,45,33.0
35.7,12199,45,33.6
42.0,12489,32,36.3
20.1,14040,46,27.7
15.7,17743,46,24.3
29.4,14446,46,37.7
28.3,11120,46,24.9
39.0,10751,44,36.3
40.4,20328,33,33.2
38.6,24531,33,15.3
14.2,7870,59,23.9
42.0,11248,46,37.9
22.4,22736,44,20.2
42.0,12455,31,40.0
26.5,1700,30,24.3
20.0,10620,46,17.8
22.9,6715,44,27.3
36.2,4783,60,33.7
19.6,4668,45,22.0
31.6,3176,45,27.7
39.4,7938,33,32.6
21.3,15312,46,38.9
32.9,22469,30,24.4
32.3,12977,58,38.1
39.3,10281,60,24.7
17.6,11741,44,19.6
31.7,11390,44,30.8
36.5,8148,31,25.7
14.7,8456,35,24.1
36.8,13253,44,35.7
14.3,17199,45,22.9
38.9,5959,33,28.2
33.7,10781,46,36.0
39.7,22548,45,38.7
14.3,26100,45,40.4
29.2,9373,33,38.8
37.2,22772,46,42.2
18.9,24514,44,33.3
21.8,14821,46,38.2
35.5,6606,60,40.4
16.5,9399,46,34.6
41.6,4741,30,21.4
35.3,8787,60,35.5
34.6,9619,47,21.8
20.1,10757,46,22.1
42.0,21074,33,25.6
20.6,9822,31,20.4
14.4,13954,31,35.1
14.8,14524,46,13.9
38.1,8390,34,29.0
24.1,15379,30,18.7
15.9,14751,32,17.7
34.2,8189,46,41.9
29.1,24711,45,34.9
20.3,10024,47,28.0
38.7,19331,60,35.7
22.3,13497,30,35.6
25.0,10311,46,30.1
37.9,13767,44,33.3
40.0,11866,45,41.9
36.9,11126,60,27.2
22.6,9240,32,33.2
37.7,16008,32,42.2
38.4,17961,45,26.1
24.7,7160,47,18.4
39.8,10649,60,41.4
41.0,14931,46,28.9
41.6,24924,30,27.1
39.6,10313,32,32.7
34.0,14131,47,26.5
39.4,12171,45,23.5
27.6,20900,32,40.6
29.9,13505,45,33.2
28.7,10099,60,24.2
31.2,17297,47,40.7
39.4,11797,57,25.1
23.2,23552,47,30.7
40.0,8971,60,34.1
36.1,12681,45,34.7
21.7,22832,46,34.3
28.3,7328,30,37.1
26.2,21212,30,40.2
23.8,14241,45,22.5
37.4,6379,46,37.9
33.3,25187,32,42.2
40.5,2533,60,31.4
42.0,5795,30,38.3
16.9,1700,46,26.0
21.7,10232,45,34.9
36.9,15953,31,42.0
34.8,12428,60,39.2
39.3,1983,45,33.2
19.7,15019,47,17.7
32.0,13066,46,23.8
33.4,7075,46,19.7
37.0,8878,45,33.3
19.5,5697,31,13.9
14.7,13304,45,31.6
42.0,16999,45,40.9
37.9,1700,60,32.1
26.3,8246,34,19.5
27.2,10338,31,33.8
25.0,8344,45,24.9
13.7,15832,44,20.8
36.3,12341,44,22.3
29.8,13950,47,33.5
35.2,15005,45,20.4
38.4,6283,32,42.2
41.3,13762,60,30.6
36.1,2079,46,17.1
33.8,17678,44,38.6
15.9,16538,46,26.1
42.0,5622,47,37.6
35.5,25206,58,35.8
32.8,10907,32,33.3
37.4,18463,46,22.0
36.3,20748,45,21.7
20.8,10116,45,37.9
39.1,24908,46,30.9
24.2,26100,44,26.8
28.2,6724,45,27.5
33.9,8200,46,41.6
42.0,17670,46,40.0
39.3,22702,47,38.5
39.4,7223,59,29.1
20.3,9137,44,31.5
40.5,26100,31,42.2
21.8,13215,45,38.5
32.5,3344,46,36.3
42.0,11112,46,35.5
17.5,10411,31,34.3
25.8,12902,30,30.0
38.7,24407,46,34.9
28.5,3413,45,34.8
42.0,8162,60,33.4
17.8,17496,48,38.7
35.3,9718,60,36.0
22.8,7760,45,19.9
36.1,17438,30,29.1
35.5,6402,33,28.4
37.6,23317,60,18.4
24.6,10833,33,32.2
18.3,7447,45,19.9
16.4,2993,45,25.7
27.8,14218,45,34.5
38.1,12531,60,40.1
33.2,9175,45,37.3
33.5,8668,34,39.5
28.9,14116,45,37.2
41.3,10317,32,40.2
36.8,11106,30,35.9
28.2,21420,32,20.4
42.0,20522,46,27.4
35.9,12469,31,42.2
26.8,20586,48,19.6
34.5,12047,45,18.4
22.2,21194,60,33.3
13.7,1700,60,13.9
16.8,14096,46,36.1
40.5,23994,32,36.9
42.0,21547,32,38.1
25.8,1989,47,23.2
42.0,17353,45,42.0
26.0,1700,47,26.2
30.2,2877,43,39.3
24.4,13063,59,26.6
23.6,13466,46,21.8
36.7,12306,45,37.9
22.0,20698,60,20.2
17.3,14215,45,22.5
34.9,8725,47,22.9
35.8,26100,30,18.6
18.2,13505,32,23.8
42.0,11465,46,27.4
24.1,12960,31,13.9
26.7,11355,45,19.4
42.0,25896,45,37.6
42.0,19677,47,39.4
37.9,11343,46,19.9
28.8,26100,32,40.2
40.2,12448,46,36.0
38.3,4625,32,42.2
42.0,14662,45,39.2
36.8,16110,45,40.7
42.0,12435,31,42.2
30.0,21272,44,30.7
28.2,11532,31,42.0
29.3,23578,59,42.2
34.7,2097,30,37.1
22.7,21382,48,23.3
39.7,17303,45,42.2
41.1,15449,33,39.9
38.0,9461,30,20.3
42.0,9124,31,40.2
16.8,10723,57,35.0
18.0,12040,60,27.3
13.7,6750,46,13.9
30.9,11520,45,25.5
36.3,11126,45,30.1
36.6,13982,30,40.9
31.6,11348,45,38.2
33.0,12007,44,32.1
29.4,6558,46,20.5
18.0,14431,32,21.2
41.2,4180,32,37.0
32.7,9630,47,25.2
37.3,12956,60,31.8
32.5,11793,30,40.6
20.1,16019,44,24.7
26.6,7600,44,40.7
21.6,12042,45,29.6
17.9,11237,45,22.8
30.1,23203,60,32.9
33.5,6304,45,33.4
33.4,8198,45,42.2
25.9,3488,30,33.8
34.7,3650,32,41.2
20.2,15480,46,25.2
40.5,10941,45,41.4
24.3,16063,46,38.7
24.5,13553,45,22.0
34.0,12193,60,30.0
18.6,20790,60,17.7
18.5,11591,59,13.9
24.9,6961,60,19.4
30.9,13458,46,32.5
21.2,6396,45,32.7
36.1,9891,30,42.2
31.0,3379,60,28.5
37.4,9573,46,38.6
22.7,13498,30,21.7
18.2,7213,45,21.3
35.7,21536,30,30.3
22.8,15004,33,34.2
38.9,19869,32,34.7
18.6,25476,45,36.5
20.6,9815,46,37.0
17.8,12327,44,22.0
28.8,8057,44,16.9
25.3,8180,44,14.9
24.7,8382,46,15.7
39.4,12100,30,34.8
26.2,10496,60,17.4
25.9,9442,31,28.8
35.9,10798,30,36.9
35.8,18360,47,37.2
32.8,8822,32,33.8
14.5,9591,59,25.1
33.3,7054,45,40.1
37.2,9290,46,21.6
35.0,18102,31,39.2
32.8,15053,46,42.2
37.2,18273,44,36.6
23.4,17723,47,25.2
41.4,11029,46,36.6
38.4,15356,45,21.3
36.8,13087,46,30.0
42.0,12642,33,38.0
31.3,15439,44,23.2
42.0,14664,47,41.5
37.2,13341,35,34.5
29.5,20403,45,18.8
37.9,15132,30,38.5
40.1,10420,46,42.2
23.3,22551,59,21.0
39.9,18952,47,27.8
13.7,11623,47,17.7
28.6,12044,59,34.4
32.8,12811,45,21.7
32.9,12927,47,42.2
33.5,8269,47,34.2
35.1,14625,30,27.2
35.6,1700,32,42.2
26.8,4204,30,28.9
22.2,15605,31,32.8
35.0,11327,47,38.2
20.0,11923,33,20.4
25.1,15581,30,36.5
27.6,13983,31,40.2
24.2,14583,31,33.9
19.6,12077,60,37.8
35.7,7804,46,38.6
28.5,11249,34,22.4
18.7,12345,45,15.5
35.1,17269,59,22.7
22.2,12368,45,30.6
42.0,15596,32,34.7
24.1,13827,47,16.3
28.5,13776,48,35.7
31.6,21879,45,25.3
27.9,9513,60,18.7
41.2,14932,31,24.3
23.2,13550,47,16.9
21.2,17072,32,33.4
24.7,12656,45,24.1
34.3,9060,60,39.1
35.3,25395,33,37.3
18.1,11555,30,20.1
13.7,9499,33,19.1
34.0,13402,47,26.2
26.6,18824,45,33.0
39.6,21508,45,27.5
20.9,18376,46,24.9
34.5,5828,47,40.5
24.5,18208,44,18.1
42.0,10615,30,33.4
41.4,11918,32,42.2
42.0,18465,45,40.6
38.0,15319,46,20.2
27.5,21608,60,17.1
38.5,11268,46,42.2
15.1,15394,47,30.7
35.3,12418,30,41.4
32.8,14497,60,30.0
17.3,11871,31,23.2
32.5,10189,47,22.2
41.9,2280,30,33.9
31.6,10756,59,31.8
42.0,10392,31,30.3
40.8,20660,30,17.3
29.1,9210,44,42.2
13.7,13463,60,34.6
26.7,12781,47,28.2
40.6,4789,60,39.1
26.7,11933,32,34.2
35.9,14444,45,40.6
36.4,26084,34,39.2
40.9,16528,58,38.7
13.7,13415,47,39.0
14.0,11157,30,27.6
42.0,14262,46,40.2
39.2,25904,34,34.4
32.5,9952,46,38.3
41.9,11618,59,38.4
42.0,14820,30,36.5
38.4,22535,45,31.9
29.7,11885,30,30.8
39.5,10068,47,21.8
38.7,26100,31,41.0
20.8,4947,44,27.7
25.0,22599,32,22.3
36.7,13127,60,23.6
39.1,12712,46,41.4
33.4,8945,31,41.8
26.5,9540,45,30.4
21.1,10769,46,16.0
19.0,9504,60,26.0
41.0,8569,60,16.8
42.0,14707,47,35.0
39.0,10646,45,38.5
18.2,12982,46,28.6
35.9,23055,32,32.3
22.6,12720,60,36.7
30.8,20438,44,29.0
39.1,1700,46,37.0
38.1,20798,60,42.2
41.2,11716,32,42.2
17.8,24185,44,42.0
20.1,13223,46,32.0
35.1,17291,48,25.7
29.3,9969,33,23.7
34.5,11574,30,35.1
13.7,6886,46,34.7
20.2,4887,33,39.6
29.9,6680,30,18.4
34.5,9949,32,41.9
32.0,9976,60,19.6
34.8,10145,30,40.6
33.5,11213,30,37.9
38.1,9124,44,42.2
36.4,9641,60,37.3
23.2,9031,47,24.1
37.6,13605,33,25.0
26.6,12580,46,39.3
17.2,17893,31,32.4
38.8,4673,47,40.6
24.4,16128,30,27.6
36.1,4040,33,42.2
41.7,10068,31,41.1
25.2,13316,46,34.1
34.4,7201,30,29.2
22.1,10672,58,27.4
13.7,18134,46,23.3
37.5,10305,30,24.1
16.7,5733,33,29.1
17.9,12240,33,18.0
18.4,17473,46,21.7
25.8,11044,48,18.5
38.7,8101,47,37.3
36.6,22966,32,18.9
36.7,20799,46,19.4
29.4,13295,46,26.4
34.3,13644,46,39.5
25.0,15890,60,15.1
23.2,9705,45,33.9
17.0,12768,46,19.4
20.2,12396,60,37.2
36.8,12899,45,41.4
34.1,9350,30,23.0
25.9,9287,47,39.8
42.0,25294,31,28.3
25.7,14182,32,21.0
35.1,13887,45,25.2
42.0,17558,45,28.6
36.0,7982,57,35.0
34.0,11158,45,27.9
33.7,3214,44,22.5
25.6,8732,32,24.7
25.8,11144,46,21.1
25.3,10330,45,24.0
40.4,13117,60,17.5
40.6,23405,46,35.8
20.6,15902,47,34.7
34.7,11858,32,39.9
34.1,19827,46,34.2
32.8,11303,30,42.2
42.0,12193,31,36.8
34.0,10272,30,40.2
33.8,14673,45,30.2
29.8,12532,45,21.8
34.5,19671,30,30.3
29.8,8208,60,32.1
42.0,14027,30,31.9
41.4,6314,46,19.3
15.8,1700,30,14.4
19.0,1700,30,28.2
29.6,12667,30,42.1
25.0,12984,43,22.7
13.7,1700,46,30.1
39.9,26100,45,38.3
30.2,21534,47,17.5
33.0,9850,45,26.6
42.0,21350,31,39.1
42.0,23821,30,36.8
35.4,8530,30,39.4
42.0,22633,47,39.9
27.6,17239,60,39.0
37.3,14488,45,41.0
26.9,19182,31,33.2
31.8,6715,30,39.4
33.9,6147,60,40.3
22.3,25853,60,19.0
27.2,17773,46,17.5
42.0,12991,47,37.7
42.0,4384,32,40.7
19.4,12884,47,19.0
42.0,17568,30,42.2
17.2,23790,33,20.1
32.4,16648,45,22.1
37.7,13368,45,38.5
38.5,17558,45,42.2
33.9,6567,45,31.2
28.1,12488,59,29.0
21.1,19204,46,30.1
29.0,6279,46,34.5
37.6,4023,45,42.2
33.8,9231,31,17.2
35.1,4818,46,29.3
13.7,13775,60,37.8
39.3,10947,45,30.5
30.3,4209,31,32.3
40.5,4947,45,40.0
33.1,13462,47,32.7
42.0,4897,44,16.9
21.3,14728,32,35.5
22.1,1700,35,19.0
13.7,9137,32,20.7
42.0,22298,60,34.6
27.0,23797,46,38.9
32.0,9069,60,23.8
25.4,16459,46,41.9
39.4,18845,46,42.2
36.1,11392,45,32.9
20.6,20191,30,27.8
39.9,10815,33,35.3
24.1,7006,46,36.1
22.5,8604,30,19.2
19.1,12281,45,32.4
34.5,22725,45,30.2
42.0,11074,45,42.2
16.6,4918,60,29.9
13.7,11640,45,28.7
38.1,11847,31,32.5
22.4,12413,32,22.9
17.6,10235,44,23.1
14.5,3722,59,23.7
24.5,7020,45,24.9
28.4,21679,45,37.5
36.8,26100,60,37.6
30.9,13409,60,23.3
32.4,4483,45,33.3
36.1,20957,60,35.5
26.1,2937,45,32.6
33.9,6640,44,27.5
13.7,15129,60,16.8
20.0,10807,46,34.6
32.0,18932,47,24.3
29.3,12363,45,37.7
20.4,14540,46,29.4
25.9,10088,31,37.6
36.3,13523,60,36.4
40.2,13684,33,39.9
25.2,15057,47,34.4
17.6,16920,45,14.9
13.7,19710,44,17.7
20.9,10640,60,40.6
39.4,14640,44,22.7
26.6,4928,45,13.9
33.4,8184,45,27.0
40.5,12427,30,18.6
36.1,15181,32,42.2
33.6,24117,46,20.1
22.2,11310,45,16.8
35.4,19491,31,37.8
34.7,13500,60,35.2
17.5,24447,44,17.7
28.2,14089,45,37.0
13.7,24351,30,30.2
39.1,11515,44,42.2
14.2,12530,44,30.9
36.8,8653,32,33.4
26.6,12456,47,26.0
17.2,7649,60,16.4
22.2,7221,30,31.9
33.6,12759,34,17.5
22.9,17144,46,22.3
35.1,1700,30,34.9
24.2,3605,45,25.8
13.7,12649,45,32.8
42.0,25161,31,38.0
38.6,22989,47,41.7
33.7,12086,59,36.9
21.9,12375,45,17.6
30.4,7287,34,38.8
31.6,13011,46,24.6
26.7,9910,60,16.6
37.9,8929,60,20.5
35.8,13219,30,19.9
15.9,15184,45,26.5
32.5,12591,30,39.7
26.6,13413,48,18.2
42.0,12243,45,38.8
23.0,15150,36,25.0
22.5,14805,32,40.8
42.0,23345,30,42.2
34.5,12480,30,26.7
35.4,10926,60,32.0
34.9,19722,46,31.2
29.7,14848,47,28.6
33.4,10749,31,32.2
22.8,10723,47,30.8
38.6,6382,59,38.9
41.6,11219,45,40.3
31.3,24594,45,17.8
21.8,4298,44,17.0
24.6,12016,60,23.9
36.1,7607,31,24.3
42.0,12977,60,16.0
24.8,10205,45,21.1
21.5,3475,46,37.6
42.0,14410,31,24.5
34.6,8990,46,22.8
27.9,12044,46,27.5
39.0,12279,60,27.2
24.7,17610,33,22.4
19.6,10649,45,19.8
32.6,24250,46,26.1
26.5,15080,46,36.7
42.0,14474,47,40.9
42.0,16109,44,25.3
22.7,20651,60,26.7
30.0,13480,59,18.0
36.4,11888,47,39.9
41.0,16006,45,31.5
38.6,1702,32,25.3
26.1,10478,46,30.0
19.5,13391,59,31.3
32.3,10464,47,13.9
39.5,13073,46,42.2
41.0,9068,60,36.1
37.3,13584,45,35.8
23.3,16626,46,34.0
36.3,20025,45,30.6
23.7,12956,32,23.5
16.5,16578,59,41.4
21.3,10988,47,19.4
40.7,13183,59,27.5
25.6,8973,31,41.4
24.1,13524,32,17.3
28.9,2795,46,40.8
18.4,21674,32,16.2
42.0,14851,60,40.5
22.9,7047,60,25.2
23.9,22800,32,29.5
42.0,12210,60,42.2
42.0,11649,30,42.2
19.5,5308,60,24.6
25.8,12262,46,19.6
35.0,9983,60,22.6
38.2,15154,31,34.5
37.9,11837,32,37.5
29.6,24501,45,32.4
23.4,17561,60,36.8
38.4,23834,30,26.4
32.8,12897,33,32.0
16.5,5217,46,17.0
31.7,8807,60,21.7
40.8,11042,30,41.1
42.0,22441,33,41.2
17.4,12907,60,37.9
39.4,19351,30,40.7
34.7,24985,47,38.2
25.8,18358,30,30.3
19.8,23018,60,28.3
35.7,5702,45,23.4
41.6,16269,33,36.0
38.7,14900,30,37.1
37.4,20424,30,24.1
32.8,9068,47,37.6
25.3,15265,32,21.6
33.0,8505,30,31.6
31.9,21835,33,40.9
35.5,10888,43,24.4
42.0,16027,30,33.8
27.6,8879,60,35.2
25.8,12353,30,27.9
14.5,4437,46,15.9
40.1,8564,60,23.8
30.5,6395,30,22.6
23.1,9997,32,26.9
20.0,14615,60,24.1
40.6,26100,46,33.2
32.9,18913,30,40.5
29.7,8616,31,17.8
35.2,21854,32,35.2
23.3,13409,46,36.5
26.1,8330,45,29.8
27.2,13643,46,16.1
42.0,22490,45,27.2
21.1,21523,43,36.5
23.9,12818,31,21.5
40.4,11113,32,23.1
37.9,26100,30,35.2
20.2,8104,46,23.2
18.3,10081,45,21.0
16.8,12238,45,28.1
24.7,19684,46,37.7
32.6,13216,32,33.0
32.1,8672,32,22.1
39.4,26100,45,36.8
37.9,19253,31,27.6
36.2,6592,30,42.2
32.4,11624,30,38.4
17.6,18818,44,13.9
38.5,21604,45,36.6
32.7,15206,31,18.6
36.4,16992,32,34.9
21.0,14012,30,29.6
39.5,7511,45,20.5
25.5,13181,44,35.3
21.5,5514,45,31.9
23.6,10007,60,19.0
34.1,9466,44,35.9
17.9,11996,45,33.3
29.4,11943,31,41.6
27.4,18620,30,18.7
31.5,10855,47,38.4
17.6,22049,47,28.9
16.3,12662,32,21.0
23.5,7827,45,28.4
37.2,8784,45,36.5
35.1,21927,46,31.6
42.0,9378,60,37.9
42.0,17562,32,32.4
30.4,9474,31,21.4
40.2,15796,30,40.4
29.7,16053,47,15.4
38.5,8760,47,39.9
20.5,22505,32,33.9
42.0,6635,32,35.9
28.5,17544,60,26.9
18.4,9480,47,19.3
18.1,12514,32,22.0
34.8,11518,32,40.5
35.9,11903,60,25.4
38.4,10173,30,35.5
28.9,13916,32,34.6
34.4,11125,60,18.8
36.2,12370,45,39.0
25.4,13376,47,17.8
19.0,12523,58,33.0
20.4,15002,33,37.5
38.1,10429,45,28.8
41.0,18728,43,38.6
15.3,12919,60,28.2
34.9,10244,30,21.5
20.0,7496,60,27.7
21.4,8725,60,37.4
25.7,1700,45,35.2
36.7,6687,45,42.2
20.7,6552,30,34.9
37.4,19431,30,39.2
35.4,20416,32,28.1
37.8,15402,60,32.6
14.6,16559,46,24.7
23.1,9678,30,17.0
42.0,3995,46,42.2
40.9,10575,60,42.2
29.9,17014,33,35.6
24.4,1700,45,40.1
33.3,25501,60,37.4
32.9,20807,30,39.7
22.7,7670,30,18.5
29.0,26100,59,16.9
28.7,9500,47,29.3
35.2,17594,30,40.6
19.7,8544,32,24.5
26.9,3514,46,24.3
20.5,23877,45,26.9
31.7,14469,45,41.1
22.6,7639,30,21.1
31.1,18119,30,30.6
25.9,15974,60,25.2
16.9,9968,47,17.6
33.1,17381,47,29.1
21.8,13847,46,38.8
32.3,25126,48,41.6
31.6,13097,46,30.6
41.3,14124,60,40.5
42.0,8447,30,42.2
42.0,18921,30,41.1
38.8,12386,45,35.9
36.8,2523,32,40.5
31.9,7919,46,23.1
26.9,21532,45,13.9
20.9,2501,45,17.1
41.8,11400,45,42.2
35.1,14625,33,39.5
21.0,11695,46,38.5
28.8,16238,60,37.7
28.8,15682,60,21.2
42.0,16564,34,28.7
34.7,3783,60,33.3
28.9,15893,46,23.0
30.6,13575,60,26.5
16.6,15500,60,19.4
40.4,14461,32,39.6
25.1,14850,35,36.0
25.2,16187,46,22.8
37.1,8667,31,22.4
41.2,11653,45,31.6
28.2,7237,60,20.7
32.6,10423,30,35.6
28.7,5345,30,31.5
40.9,19098,46,36.7
41.2,15131,45,28.4
36.6,14664,30,42.2
23.8,8594,46,22.6
33.9,13739,57,32.2
37.1,7301,44,25.7
27.5,22999,60,23.5
42.0,7208,47,42.2
39.1,18822,30,33.4
14.7,14191,47,34.1
19.8,1700,60,18.3
39.5,18013,44,24.1
27.2,1700,46,33.6
40.3,13946,47,31.3
35.1,7057,31,42.2
34.4,17254,46,40.6
42.0,19066,47,40.7
29.8,3415,45,29.4
37.5,14411,45,35.8
32.5,11412,46,30.8
15.8,13661,47,25.4
15.7,14511,44,21.1
37.8,16356,30,39.6
34.3,13588,31,39.8
41.0,17585,44,36.3
34.8,5907,44,40.4
41.0,23745,46,28.5
15.5,4683,46,17.7
36.2,11672,59,28.3
28.6,10295,46,19.0
35.6,4164,60,39.2
37.8,5602,60,29.9
36.3,12531,60,38.5
16.1,11323,46,26.4
40.9,4559,45,36.6
35.8,22339,47,37.1
41.0,4525,31,39.2
26.2,6330,46,28.3
21.1,22358,33,37.9
21.1,21146,47,22.7
22.3,7432,45,42.2
42.0,16480,47,41.8
22.2,2537,46,40.6
21.2,4433,34,25.4
26.3,21036,32,35.8
23.7,12838,32,22.9
33.6,25277,45,40.3
31.8,8083,31,42.2
23.9,11697,46,33.3
36.5,10535,46,36.2
35.8,12607,60,33.9
20.0,2367,45,24.8
40.4,2985,46,40.8
42.0,13503,45,37.2
36.0,9250,46,42.2
36.7,4868,47,17.5
34.1,15165,45,23.0
42.0,22064,45,38.0
42.0,14175,31,41.4
36.9,6655,31,18.3
42.0,11510,30,38.8
25.6,14062,30,36.3
38.5,21012,45,39.5
41.3,3721,30,40.9
29.5,8903,30,29.8
26.5,11261,46,25.1
20.6,13875,31,25.2
13.7,23720,46,20.5
39.5,11399,47,22.7
42.0,15452,34,37.4
21.6,22337,46,38.2
38.2,9833,60,40.1
40.2,16264,46,31.7
36.5,19484,30,42.2
40.1,17982,44,37.1
35.0,14435,45,36.1
42.0,4820,45,38.4
41.5,18031,46,37.3
21.0,15727,45,28.8
37.5,13704,31,27.6
35.5,1700,31,22.9
38.8,10927,33,32.6
26.9,13727,45,23.4
38.5,26100,30,20.1
35.5,24515,30,35.9
38.2,23957,46,42.2
37.8,8595,58,39.0
25.6,4984,45,20.7
33.4,2824,30,20.2
32.0,12577,44,19.8
32.4,19165,31,35.3
25.9,8768,46,35.4
37.8,10475,60,31.6
35.8,17992,60,16.9
41.4,15175,45,40.3
37.4,26100,59,20.2
19.8,13660,31,20.1
15.4,13441,32,19.4
31.3,3131,46,37.6
17.7,17840,30,36.8
32.0,11073,30,34.2
24.7,12433,60,20.8
36.0,15884,47,36.1
37.3,7127,46,25.8
31.6,15751,30,18.2
26.1,14534,46,32.8
39.9,11113,46,39.7
40.3,22791,31,37.5
15.8,15075,45,24.3
19.7,11776,31,30.4
35.0,12040,46,32.5
39.9,11657,32,41.8
40.2,10283,30,40.2
37.8,9506,60,34.9
22.6,17954,47,33.7
42.0,20029,44,25.5
38.8,3792,47,34.6
29.4,8548,45,42.2
19.2,12895,45,17.0
20.8,6587,47,34.1
37.6,1958,60,26.8
18.1,11846,44,19.9
36.1,11038,31,35.5
15.2,11228,31,40.0
31.6,17387,47,42.2
34.4,13745,57,19.8
23.8,7728,46,19.5
33.0,15599,45,23.5
23.7,14292,31,23.0
30.3,7330,32,40.6
32.7,13127,46,23.5
39.7,8706,60,30.5
30.6,15634,45,29.9
20.8,7712,47,25.0
28.2,3009,45,28.9
31.9,16572,60,30.2
37.6,9430,58,29.6
34.4,10128,44,33.0
24.3,14716,44,32.8
32.3,12198,32,26.1
32.2,8742,32,41.1
23.0,2712,60,20.0
18.7,4382,33,25.3
32.3,17487,32,39.3
40.3,9784,46,33.8
42.0,2174,31,40.6
17.3,13111,44,25.5
40.7,10034,44,35.6
19.4,1700,31,23.1
19.7,11044,60,17.7
33.6,11747,43,21.2
41.0,26100,47,33.5
27.3,22656,46,17.7
38.9,20497,46,27.4
27.3,21339,47,22.2
34.7,21776,60,26.0
29.8,24872,60,23.6
37.2,23363,60,42.2
37.8,14397,46,33.0
31.6,13723,59,17.9
18.1,10252,30,35.2
38.0,5044,30,23.0
18.3,1700,46,13.9
23.0,10437,31,41.7
30.8,15823,32,20.1
42.0,8666,60,20.9
39.3,7664,46,38.2
36.1,11640,46,23.4
24.7,7260,32,15.5
35.2,5912,46,29.3
34.5,5187,59,25.3
33.5,1700,46,36.6
15.8,8798,45,16.5
42.0,10497,60,40.7
15.9,10736,31,20.5
15.8,13280,44,27.1
35.3,12371,45,33.8
21.6,21376,46,30.0
27.0,5104,46,18.2
34.3,18452,46,33.8
27.8,15707,32,36.7
38.1,5320,47,26.3
34.1,4863,33,23.0
21.2,12134,46,37.7
34.5,8592,46,38.8
23.1,13631,31,37.1
25.7,23233,30,30.0
36.1,12992,45,21.8
18.0,13065,45,17.8
18.9,12774,46,28.4
14.6,14482,33,28.7
26.3,22425,46,26.1
30.2,10743,60,21.2
37.8,19329,45,31.9
22.2,8014,45,37.2
42.0,18534,30,36.5
20.9,2785,45,28.6
35.3,10586,60,17.9
33.1,5554,31,16.4
35.0,3120,60,26.8
27.7,13679,46,42.2
19.0,11707,59,35.0
17.5,10781,32,29.9
18.9,11849,60,39.0
20.4,10192,46,20.7
27.2,11648,30,29.5
28.7,16033,45,18.3
36.4,13795,45,19.8
41.8,25234,44,41.7
21.9,9195,31,17.2
25.2,25314,32,40.8
35.4,12419,60,25.3
42.0,7757,60,38.7
39.5,11924,46,30.4
39.0,18732,32,37.7
41.3,13243,47,29.1
18.0,11115,47,24.3
34.6,18338,32,38.2
20.0,9065,45,41.2
31.9,12451,46,18.0
38.8,12127,30,30.5
28.2,2239,60,13.9
25.3,14972,44,32.3
42.0,24057,31,34.8
33.6,9018,45,36.0
33.3,14825,44,38.8
31.1,23795,45,36.1
42.0,16757,44,40.8
37.5,1946,46,24.7
35.9,20730,45,32.7
19.4,24602,48,23.8
37.1,13808,60,35.0
15.2,5096,44,40.0
18.1,8784,45,37.1
25.3,15966,30,33.5
37.6,5210,32,37.3
38.0,24130,32,22.6
36.8,3780,45,32.9
30.9,14602,59,31.9
30.0,18417,44,36.1
40.9,19074,45,42.2
15.7,3925,32,18.4
24.5,9814,60,24.8
22.6,15306,57,42.2
39.7,9266,46,21.7
26.2,16450,31,22.2
40.2,14055,47,18.3
19.6,6983,59,26.2
13.7,8881,31,33.6
34.7,10672,44,26.5
20.9,10030,60,21.1
38.5,14427,30,25.8
13.7,5485,60,21.0
23.0,12333,46,20.0
19.2,3112,30,16.8
15.7,8493,45,15.5
19.1,21891,31,20.6
34.6,9194,46,42.2
13.7,22548,30,38.8
22.8,14130,46,35.3
31.7,11229,44,34.6
40.7,11133,45,38.1
40.2,13234,45,40.5
29.7,11417,33,26.4
38.4,15713,60,32.7
42.0,16960,30,42.2
33.1,8925,33,36.5
29.7,8084,32,19.4
42.0,21224,60,42.2
20.0,7054,45,23.1
41.2,21026,43,38.8
31.3,8832,44,18.2
20.8,9766,46,37.2
38.9,6324,44,39.2
20.6,14944,44,28.6
18.8,16407,44,20.1
16.5,17463,60,18.9
42.0,10383,30,42.2
28.0,19511,47,19.6
42.0,11701,58,36.1
19.2,12812,60,16.5
21.9,6978,45,24.4
36.8,19741,60,41.6
38.3,25225,47,36.6
36.3,25153,30,36.1
30.5,17033,33,30.3
37.5,11558,45,20.0
22.2,15930,32,27.8
36.8,6548,31,42.2
34.4,15534,47,21.4
27.5,15428,31,27.2
19.9,6160,47,24.1
16.9,15450,47,18.7
38.1,25275,34,39.7
18.8,16504,32,19.4
42.0,11491,32,36.5
16.4,10713,47,23.4
39.7,2253,45,35.2
21.5,12517,47,31.8
40.9,21518,33,28.1
41.0,26032,46,36.6
23.5,9391,30,18.5
21.8,10943,43,13.9
37.2,5835,45,36.6
42.0,12075,30,38.6
13.8,13679,47,25.9
24.4,11085,31,23.1
42.0,7153,44,38.4
33.9,17256,60,37.5
39.5,14152,47,41.1
30.6,20302,30,39.3
13.7,7344,60,36.2
17.1,14190,46,22.0
41.4,8173,30,31.3
18.7,14190,33,23.7
41.7,12391,33,42.2
21.7,14573,31,27.5
40.8,2759,30,35.1
32.1,15321,33,30.4
20.9,6432,34,38.0
21.1,9394,47,33.1
32.4,14608,33,25.1
21.1,4272,47,22.7
26.4,13273,44,20.5
30.6,13807,47,41.1
21.1,9947,46,38.1
18.5,13555,47,16.0
41.4,25274,30,37.0
37.2,22365,45,30.0
23.3,16089,46,32.7
30.3,11446,45,24.2
25.4,15297,46,23.6
36.9,11184,46,17.0
42.0,17214,48,38.8
26.4,15054,45,27.1
36.2,9571,45,21.2
19.2,11627,59,20.6
35.3,20528,34,37.8
39.2,11294,60,30.2
27.0,12884,33,40.1
37.2,25603,60,21.2
21.6,13547,47,36.3
20.8,13921,45,30.6
23.2,9542,33,27.7
41.9,10250,32,37.8
41.4,22335,45,40.8
14.1,15238,45,23.7
33.5,4000,44,26.1
38.0,12401,60,36.2
36.9,10781,46,24.8
39.6,16357,46,35.3
26.8,5481,60,33.9
19.2,12322,47,23.5
37.4,15043,44,38.5
27.2,1700,31,23.1
38.0,16932,30,39.1
42.0,9735,45,40.5
40.8,10278,46,33.8
22.0,14560,31,41.4
21.3,4358,30,41.2
24.6,13743,46,21.6
28.5,25625,60,31.8
14.1,13094,47,16.4
40.7,17874,60,37.2
36.4,23215,32,42.2
25.3,16312,32,22.9
32.7,13443,46,17.1
40.3,17904,46,29.5
36.3,18105,45,36.6
26.0,17423,47,15.5
37.1,11062,45,40.4
34.6,21800,32,39.9
42.0,20461,46,35.9
15.2,26018,33,31.4
40.6,10861,31,33.5
14.4,13872,46,18.6
34.2,23048,31,31.1
28.3,14443,60,39.8
35.3,7336,30,37.7
38.9,5907,32,38.6
35.8,13569,33,39.7
34.4,11036,46,39.3
35.8,18338,60,28.4
20.0,3482,32,23.1
24.3,11237,44,42.2
29.1,21292,45,32.0
41.2,9887,45,36.1
19.9,13714,45,18.4
33.9,3894,34,29.0
31.7,15332,31,21.0
36.3,1700,60,30.7
37.7,14840,45,29.2
14.7,5392,60,18.0
33.8,2897,44,37.9
32.6,6599,47,37.5
42.0,21521,30,36.7
40.8,22678,45,33.3
34.0,18412,60,34.8
40.5,11785,32,40.3
34.3,16492,45,17.7
42.0,14050,32,41.9
20.2,21305,47,22.5
17.9,13959,34,24.1
26.2,14464,45,22.0
32.4,15429,60,29.3
42.0,14535,46,36.1
24.3,26100,47,15.8
14.9,13264,33,19.3
29.9,16749,47,24.2
17.4,18854,60,33.3
18.1,16554,47,24.1
25.0,14471,45,27.9
42.0,2158,45,21.4
21.9,12670,48,28.2
27.1,12066,43,37.6
34.3,13899,44,40.1
29.5,15583,60,22.4
21.4,2442,47,16.0
42.0,16406,30,41.4
34.0,5672,46,35.4
42.0,20884,31,41.7
19.9,9663,43,19.1
35.3,12434,46,38.1
41.4,15186,30,41.5
41.6,18217,47,36.6
38.7,20348,46,37.9
39.7,23299,60,33.6
39.5,21292,46,41.3
28.9,7626,46,30.5
19.6,1700,46,34.7
42.0,10502,33,32.2
15.6,14899,46,19.0
15.9,11639,45,18.7
27.2,12593,30,28.1
42.0,3702,60,41.3
40.7,14490,46,36.0
24.2,10159,46,22.6
17.7,6820,32,28.0
40.4,9622,45,42.2
13.7,20307,46,42.2
40.0,15572,46,38.9
23.9,14540,47,28.3
21.3,12425,45,15.1
15.1,9911,60,13.9
42.0,10148,45,22.2
21.5,26100,31,20.0
34.6,11648,60,19.8
42.0,25295,30,28.6
41.8,15858,59,17.7
38.8,8819,44,39.5
24.0,21156,30,24.5
19.9,5356,45,27.9
40.3,14448,44,38.7
27.8,12886,58,23.6
15.7,13046,60,21.5
41.8,10625,59,40.7
17.6,15213,31,41.6
16.5,8923,32,37.4
32.7,12456,45,23.0
33.0,16009,45,21.9
37.5,16737,46,42.2
20.2,11206,44,22.9
37.5,13050,30,22.8
35.1,11246,32,25.7
21.5,12342,46,33.8
25.2,13698,31,16.9
15.1,9443,30,16.2
32.8,16276,47,32.9
39.0,4854,45,42.2
21.7,11565,60,37.6
30.7,9422,44,31.2
31.2,15972,46,30.2
13.7,12928,60,27.1
36.4,9225,45,23.9
19.0,19431,46,21.2
35.7,7813,58,40.6
24.3,14810,45,38.9
17.4,7592,58,19.5
22.1,11445,60,20.0
37.9,15903,46,21.3
16.7,16808,46,24.0
41.1,7091,60,38.7
38.6,3567,46,31.8
38.7,11344,45,23.0
33.1,26100,30,38.0
21.2,12219,30,25.1
37.1,8223,31,38.8
38.7,12256,44,37.0
23.0,7449,46,21.0
16.4,9414,47,19.3
32.4,11699,45,21.0
15.8,14899,45,29.9
14.2,15107,59,19.4
39.4,18952,31,38.3
21.0,14899,47,15.4
36.9,14638,47,18.0
42.0,17286,45,42.2
38.1,14323,60,35.0
37.4,23078,33,39.0
41.9,11260,31,42.2
36.1,19082,44,20.2
33.6,9253,60,42.2
28.0,7621,60,33.5
18.7,1759,47,29.2
23.2,19675,45,22.5
37.4,3202,46,30.8
33.9,8176,60,28.4
20.6,19162,47,21.9
37.5,6396,46,42.1
37.2,9741,45,24.3
41.5,11179,33,23.7
19.0,10283,60,38.5
37.1,10491,45,35.1
21.3,18251,31,36.1
28.8,16216,31,26.0
20.4,7901,47,26.3
22.5,24888,46,35.0
23.1,5797,44,20.7
41.0,20912,30,38.5
30.8,22683,46,26.3
35.4,14062,45,33.1
13.7,18686,46,42.2
18.1,8511,45,34.9
17.9,20980,31,21.2
24.3,12317,47,41.3
37.5,10970,31,42.2
41.4,26100,33,27.1
13.7,26100,32,19.6
30.3,6251,30,27.8
29.4,10940,30,17.2
35.1,22213,30,41.3
33.6,5446,45,30.0
40.7,21307,60,21.3
21.8,8069,32,21.0
41.1,20432,43,35.0
20.0,12710,46,33.3
21.2,3902,60,33.9
21.2,2040,30,34.9
22.1,17979,43,30.1
27.2,23401,43,26.7
37.3,13246,47,37.3
31.6,11393,30,37.5
18.4,8738,44,30.8
36.1,23813,47,16.3
41.4,20948,46,28.3
23.5,4282,59,17.9
31.0,17159,30,38.3
24.8,4812,33,21.7
38.9,2359,60,35.3
42.0,6347,31,38.2
33.7,18896,46,29.1
32.3,23252,35,40.8
39.3,10956,60,37.5
38.3,3016,44,36.2
24.2,11869,33,19.8
18.8,10979,31,35.3
38.6,12269,31,29.4
42.0,9424,47,36.2
41.6,17621,43,36.7
39.5,12470,46,34.6
41.8,21850,60,41.8
40.5,20202,30,42.2
35.2,8635,47,42.2
24.7,6067,47,31.7
36.7,8831,30,38.2
35.0,12222,59,18.4
37.3,14685,45,30.3
42.0,15980,46,41.1
39.3,18974,60,34.3
41.1,22562,60,24.3
17.8,14705,46,15.1
33.3,1733,44,35.2
34.7,4946,30,34.7
27.9,6248,44,23.1
22.9,10864,44,15.5
42.0,19971,47,37.8
27.7,15112,47,18.9
28.1,16989,46,24.2
28.7,12100,32,37.3
17.0,10774,46,36.0
15.0,12300,31,32.3
38.8,10336,30,39.9
39.4,5900,47,26.4
42.0,18092,30,37.3
34.2,12359,32,23.1
28.0,5530,45,20.6
42.0,13451,45,37.2
27.0,8636,44,41.2
26.7,14084,60,35.0
38.9,19992,45,42.2
38.4,9354,45,38.9
16.1,12328,30,23.8
26.6,13454,60,32.7
40.6,13339,45,39.6
35.3,23917,56,26.4
25.0,13127,44,34.0
16.8,26100,47,23.9
19.8,2871,30,17.0
32.7,16836,30,34.0
35.3,14094,46,31.3
14.9,14013,60,17.4
13.7,6793,46,27.9
34.4,22350,30,34.6
25.7,13753,31,27.4
34.1,12672,60,41.7
42.0,21221,44,42.2
30.9,13275,60,21.3
23.7,12092,47,35.8
37.3,12145,43,21.6
33.7,21670,46,18.4
42.0,11901,31,39.8
17.7,12984,46,14.9
39.5,2994,30,38.7
37.3,10875,46,38.1
13.7,10716,45,22.2
29.0,15875,32,30.1
32.1,12154,47,37.9
42.0,9114,30,17.4
13.7,13383,60,21.0
38.3,25493,30,34.6
22.6,10921,60,13.9
40.8,11114,46,35.5
40.6,13325,44,40.3
42.0,13539,32,38.1
19.9,4998,47,21.0
30.1,17980,32,28.5
31.4,9829,45,31.9
35.0,16027,60,21.2
32.7,21608,47,33.9
42.0,15329,31,26.1
37.6,18758,46,33.2
15.9,14287,60,25.6
21.1,23186,31,33.6
42.0,17821,30,33.7
42.0,23404,44,34.5
40.0,10049,31,38.9
37.3,16554,46,23.7
26.6,20962,31,41.9
15.7,20827,48,15.6
23.3,10994,60,41.2
42.0,14082,46,39.2
21.6,13215,45,23.2
36.5,11280,60,33.4
38.2,9561,30,21.9
20.7,3034,34,30.7
13.7,8032,46,23.5
41.5,23422,34,36.6
39.0,14944,45,23.3
36.0,19073,45,24.8
33.8,10250,30,38.9
32.8,13078,46,31.7
35.1,16049,30,35.5
33.4,13854,59,24.9
32.7,17942,47,38.0
13.7,9418,32,26.5
21.2,12883,46,16.4
16.3,11760,46,30.6
25.9,8697,31,35.3
40.4,13884,45,25.4
40.5,21056,47,28.3
13.7,15414,31,26.3
23.3,10023,30,37.8
37.4,23791,30,41.7
33.5,1700,46,14.4
17.9,8536,44,19.5
33.5,13441,32,29.0
20.1,7424,31,34.4
37.0,20312,60,34.6
27.5,11687,60,28.5
40.0,15588,30,40.4
31.4,7267,60,23.7
30.0,9539,30,28.2
17.6,19311,32,16.8
29.9,1700,60,38.0
35.6,6112,30,35.9
22.1,12939,31,31.4
36.3,13677,45,34.3
38.4,11594,47,37.7
30.2,12219,33,22.0
16.8,6729,45,26.0
24.3,7952,47,35.0
33.0,12815,44,35.1
21.7,15398,46,26.4
28.0,18912,60,22.2
35.0,12420,32,32.0
42.0,18790,60,30.2
37.5,13036,59,24.8
38.9,8987,32,31.9
26.8,14152,47,33.7
33.0,8882,60,36.7
42.0,18939,45,38.0
15.8,10665,47,20.1
18.8,8588,45,24.2
17.1,11625,60,30.7
15.3,12818,46,22.3
38.4,3883,47,36.0
27.1,8515,60,19.6
42.0,11286,34,39.1
29.4,8555,32,35.8
37.8,17947,32,42.2
40.4,19559,46,16.0
25.8,12816,47,22.3
39.5,15849,45,42.2
40.1,1982,46,41.3
20.3,11355,45,32.4
40.2,17783,47,35.2
16.3,11937,46,33.4
31.6,13905,45,19.7
28.0,12355,44,39.4
42.0,14150,32,27.6
27.9,10594,60,31.2
37.2,11963,45,42.2
38.2,18611,45,30.8
36.9,16567,46,28.4
17.8,12415,60,29.3
34.8,11783,45,32.1
40.1,18649,45,38.3
42.0,18911,46,17.1
20.2,12617,32,26.9
34.2,14511,60,33.8
24.4,7694,46,31.2
33.6,14752,60,25.3
37.3,4376,32,38.9
28.4,11930,45,23.3
28.4,17532,46,36.2
32.0,1700,58,17.0
41.9,17135,46,39.7
37.3,22042,46,35.7
35.9,24240,32,29.7
28.3,12889,47,26.7
22.9,6437,33,33.1
34.3,11253,46,22.8
40.9,23138,59,34.8
29.7,4690,60,24.0
30.2,7244,45,38.7
17.3,15790,31,28.7
29.6,3374,45,37.7
34.5,11457,46,23.3
32.5,19570,47,30.8
20.7,19696,45,21.1
30.9,10046,60,27.5
18.0,7566,45,24.3
21.8,21048,47,17.9
35.2,16360,30,32.2
29.2,9570,45,33.9
30.5,15483,45,27.7
37.8,12996,33,37.1
19.6,9228,30,28.9
34.0,25623,31,36.3
38.7,10537,30,32.2
40.0,3409,31,30.0
41.7,12849,47,34.8
40.3,7251,46,37.1
25.6,12676,46,33.6
28.7,14966,45,36.4
41.1,14949,46,37.8
41.5,10655,46,38.5
28.1,1700,47,33.7
25.7,14311,30,22.7
19.7,14404,47,22.3
34.2,14476,45,32.7
